1102,Gadget Y,Electronics,Warehouse 2,Aisle 1,300,9.99,Supplier C,1,NULL,In Stock
1435,Gadget Y,Electronics,Warehouse 2,Aisle 4,200,19.99,Supplier C,2,NULL,In Stock
1860,Widget A,Clothing,Warehouse 2,Aisle 3,100,19.99,Supplier B,3,2022-12-20,Low Stock
1270,Gadget Z,Toys,Warehouse 2,Aisle 4,50,49.99,Supplier B,4,2022-12-20,Low Stock
1106,Widget A,Furniture,Warehouse 3,Aisle 3,200,9.99,Supplier D,5,2023-04-25,In Stock
1071,Widget B,Clothing,Warehouse 3,Aisle 5,300,28.65,Supplier A,6,2022-12-20,In Stock
1700,Widget A,Clothing,Warehouse 2,Aisle 2,200,49.99,Supplier B,7,2022-12-20,In Stock
1020,Widget C,Clothing,Warehouse 1,Aisle 5,200,9.99,Supplier D,8,2022-12-20,In Stock
1614,Gadget Y,Electronics,Warehouse 3,Aisle 3,300,9.99,Supplier B,9,2023-03-05,In Stock
1121,Widget B,Toys,Warehouse 1,Aisle 2,50,19.99,Supplier C,10,2022-12-20,Low Stock
1466,Widget A,Clothing,Warehouse 3,Aisle 1,157,49.99,Supplier B,11,2023-01-15,In Stock
1214,Gadget Z,Furniture,Warehouse 2,Aisle 1,50,9.99,Supplier A,12,2023-01-15,Low Stock
1330,Widget C,Toys,Warehouse 3,Aisle 4,150,9.99,Supplier B,13,2023-04-25,In Stock
1458,Widget C,Furniture,Warehouse 2,Aisle 3,300,49.99,Supplier A,14,2023-03-05,In Stock
1087,Widget A,Toys,Warehouse 3,Aisle 3,50,28.82,Supplier C,15,2023-01-15,Low Stock
1372,Gadget Y,Furniture,Warehouse 2,Aisle 1,200,49.99,Supplier A,16,2023-03-05,In Stock
1099,Widget A,Electronics,Warehouse 2,Aisle 5,300,49.99,Supplier B,17,2023-03-05,In Stock
1871,Widget B,Clothing,Warehouse 2,Aisle 2,100,28.65,Supplier D,18,2023-04-25,Low Stock
1663,Widget A,Furniture,Warehouse 2,Aisle 5,50,49.99,Supplier C,19,2023-03-05,Low Stock
1130,Widget C,Toys,Warehouse 1,Aisle 5,300,9.99,Supplier B,20,2022-12-20,In Stock
1661,Widget A,Clothing,Warehouse 2,Aisle 1,50,49.99,Supplier C,21,2023-03-05,Low Stock
1308,Gadget Y,Clothing,Warehouse 1,Aisle 1,300,26.51,Supplier C,22,2023-04-25,In Stock
1769,Gadget Z,Toys,Warehouse 1,Aisle 1,200,29.99,Supplier B,23,2023-04-25,In Stock
1343,Gadget X,Furniture,Warehouse 2,Aisle 4,100,49.99,Supplier B,24,2023-04-25,Low Stock
1491,Widget A,Electronics,Warehouse 1,Aisle 5,100,19.99,Supplier D,25,2023-01-15,Low Stock
1413,Gadget Y,Electronics,Warehouse 3,Aisle 3,150,9.99,Supplier C,26,2022-12-20,In Stock
1805,Gadget Y,Furniture,Warehouse 2,Aisle 2,300,9.99,Supplier C,27,2023-01-15,In Stock
1385,Gadget Z,Clothing,Warehouse 1,Aisle 4,50,19.99,Supplier B,28,NULL,Low Stock
1191,Widget C,Clothing,Warehouse 2,Aisle 3,100,19.99,Supplier A,29,2022-12-20,Low Stock
1955,Gadget Y,Clothing,Warehouse 2,Aisle 5,100,49.99,Supplier B,30,2023-03-05,Low Stock
1276,Gadget Y,Clothing,Warehouse 2,Aisle 1,166,19.99,Supplier C,31,2023-04-25,In Stock
1160,Gadget Y,Furniture,Warehouse 1,Aisle 5,166,29.99,Supplier B,32,NULL,In Stock
1459,Gadget Y,Clothing,Warehouse 3,Aisle 2,100,26.51,Supplier D,33,2022-12-20,Low Stock
1313,Widget B,Toys,Warehouse 3,Aisle 4,300,19.99,Supplier A,34,2023-01-15,In Stock
1021,Widget B,Clothing,Warehouse 1,Aisle 4,150,19.99,Supplier B,35,2023-04-25,In Stock
1252,Widget C,Electronics,Warehouse 2,Aisle 2,100,29.99,Supplier D,36,2023-01-15,Low Stock
1747,Widget A,Clothing,Warehouse 1,Aisle 3,200,9.99,Supplier C,37,2022-12-20,In Stock
1856,Gadget Y,Furniture,Warehouse 1,Aisle 3,50,9.99,Supplier B,38,2022-12-20,Low Stock
1560,Gadget Z,Electronics,Warehouse 1,Aisle 4,150,49.99,Supplier C,39,NULL,In Stock
1474,Widget A,Furniture,Warehouse 2,Aisle 4,200,29.99,Supplier D,40,2023-03-05,In Stock
1058,Gadget Z,Furniture,Warehouse 1,Aisle 1,150,29.91,Supplier C,41,2023-01-15,In Stock
1510,Widget A,Electronics,Warehouse 2,Aisle 3,200,28.82,Supplier D,42,NULL,In Stock
1681,Widget C,Furniture,Warehouse 1,Aisle 2,50,29.99,Supplier D,43,2023-04-25,Low Stock
1475,Gadget Y,Furniture,Warehouse 3,Aisle 3,50,26.51,Supplier D,44,2023-03-05,Low Stock
1699,Gadget Y,Clothing,Warehouse 1,Aisle 1,166,9.99,Supplier B,45,NULL,In Stock
1975,Gadget X,Toys,Warehouse 1,Aisle 4,300,30.08,Supplier C,46,2023-01-15,In Stock
1782,Gadget Z,Furniture,Warehouse 3,Aisle 4,200,29.91,Supplier C,47,2022-12-20,In Stock
1189,Widget A,Furniture,Warehouse 2,Aisle 1,157,29.99,Supplier A,48,2023-04-25,In Stock
1957,Widget A,Furniture,Warehouse 2,Aisle 2,200,29.99,Supplier A,49,2023-01-15,In Stock
1686,Widget B,Clothing,Warehouse 1,Aisle 4,161,28.65,Supplier A,50,2023-03-05,In Stock
1957,Gadget X,Toys,Warehouse 3,Aisle 5,50,19.99,Supplier A,51,2023-03-05,Low Stock
1562,Widget B,Electronics,Warehouse 2,Aisle 4,150,29.99,Supplier C,52,2022-12-20,In Stock
1875,Widget B,Clothing,Warehouse 1,Aisle 5,161,49.99,Supplier D,53,2022-12-20,In Stock
1566,Widget B,Clothing,Warehouse 3,Aisle 1,200,49.99,Supplier D,54,2023-04-25,In Stock
1243,Gadget Z,Toys,Warehouse 2,Aisle 1,200,9.99,Supplier B,55,2023-04-25,In Stock
1831,Gadget Z,Toys,Warehouse 2,Aisle 4,300,29.91,Supplier D,56,2022-12-20,In Stock
1504,Widget C,Clothing,Warehouse 3,Aisle 3,50,19.99,Supplier C,57,2022-12-20,Low Stock
1130,Widget C,Electronics,Warehouse 3,Aisle 5,200,9.99,Supplier C,58,2023-03-05,In Stock
1484,Widget B,Clothing,Warehouse 3,Aisle 2,100,28.65,Supplier C,59,2022-12-20,Low Stock
1818,Gadget X,Toys,Warehouse 3,Aisle 4,150,29.99,Supplier B,60,NULL,In Stock
1646,Widget A,Electronics,Warehouse 1,Aisle 2,157,49.99,Supplier A,61,2023-01-15,In Stock
1020,Gadget Z,Toys,Warehouse 3,Aisle 4,300,19.99,Supplier D,62,2022-12-20,In Stock
1840,Gadget X,Electronics,Warehouse 2,Aisle 3,150,49.99,Supplier C,63,2023-04-25,In Stock
1166,Gadget Y,Furniture,Warehouse 2,Aisle 3,50,29.99,Supplier C,64,NULL,Low Stock
1273,Gadget Z,Toys,Warehouse 1,Aisle 3,300,29.91,Supplier A,65,2023-04-25,In Stock
1387,Gadget Z,Toys,Warehouse 2,Aisle 3,165,29.99,Supplier C,66,NULL,In Stock
1600,Widget C,Clothing,Warehouse 2,Aisle 1,164,29.99,Supplier D,67,2022-12-20,In Stock
1315,Widget A,Toys,Warehouse 3,Aisle 1,100,49.99,Supplier B,68,2023-01-15,Low Stock
1013,Widget A,Toys,Warehouse 2,Aisle 5,50,19.99,Supplier C,69,2023-04-25,Low Stock
1241,Gadget Y,Furniture,Warehouse 1,Aisle 2,300,29.99,Supplier D,70,NULL,In Stock
1776,Gadget Y,Toys,Warehouse 3,Aisle 4,300,49.99,Supplier C,71,2023-03-05,In Stock
1345,Gadget Z,Furniture,Warehouse 3,Aisle 4,200,19.99,Supplier A,72,2022-12-20,In Stock
1564,Widget B,Furniture,Warehouse 1,Aisle 1,100,28.65,Supplier C,73,2023-01-15,Low Stock
1897,Widget C,Furniture,Warehouse 3,Aisle 4,100,24.99,Supplier C,74,2022-12-20,Low Stock
1339,Widget C,Furniture,Warehouse 3,Aisle 1,300,9.99,Supplier B,75,2023-03-05,In Stock
1091,Gadget Z,Electronics,Warehouse 1,Aisle 5,300,49.99,Supplier A,76,2023-01-15,In Stock
1366,Gadget X,Clothing,Warehouse 3,Aisle 2,150,19.99,Supplier A,77,2023-03-05,In Stock
1955,Widget B,Electronics,Warehouse 1,Aisle 5,150,29.99,Supplier B,78,2022-12-20,In Stock
1454,Gadget Z,Toys,Warehouse 1,Aisle 3,150,29.91,Supplier C,79,NULL,In Stock
1427,Widget B,Electronics,Warehouse 2,Aisle 3,100,19.99,Supplier D,80,2022-12-20,Low Stock
1508,Widget B,Electronics,Warehouse 2,Aisle 3,200,49.99,Supplier A,81,2022-12-20,In Stock
1775,Widget B,Toys,Warehouse 3,Aisle 5,161,9.99,Supplier A,82,2022-12-20,In Stock
1942,Gadget Z,Toys,Warehouse 3,Aisle 4,150,29.91,Supplier C,83,2023-04-25,In Stock
1034,Widget C,Toys,Warehouse 1,Aisle 2,200,19.99,Supplier C,84,2023-03-05,In Stock
1205,Widget C,Electronics,Warehouse 3,Aisle 3,50,19.99,Supplier A,85,2023-03-05,Low Stock
1080,Widget B,Electronics,Warehouse 1,Aisle 3,150,19.99,Supplier C,86,2023-03-05,In Stock
1931,Gadget X,Toys,Warehouse 1,Aisle 3,150,49.99,Supplier D,87,2023-04-25,In Stock
1561,Widget A,Clothing,Warehouse 3,Aisle 2,50,49.99,Supplier A,88,NULL,Low Stock
1871,Gadget Z,Clothing,Warehouse 1,Aisle 3,50,49.99,Supplier D,89,2022-12-20,Low Stock
1387,Widget A,Furniture,Warehouse 2,Aisle 2,157,29.99,Supplier D,90,NULL,In Stock
1001,Gadget X,Toys,Warehouse 3,Aisle 3,150,19.99,Supplier C,91,2023-04-25,In Stock
1389,Gadget Z,Furniture,Warehouse 2,Aisle 5,100,29.91,Supplier D,92,2023-03-05,Low Stock
1565,Widget B,Clothing,Warehouse 3,Aisle 5,161,49.99,Supplier C,93,2022-12-20,In Stock
1105,Widget C,Furniture,Warehouse 1,Aisle 2,164,49.99,Supplier B,94,2023-01-15,In Stock
1771,Widget A,Toys,Warehouse 3,Aisle 5,157,19.99,Supplier C,95,2023-01-15,In Stock
1821,Gadget Y,Toys,Warehouse 2,Aisle 2,50,49.99,Supplier D,96,NULL,Low Stock
1476,Gadget Y,Toys,Warehouse 1,Aisle 5,200,29.99,Supplier B,97,2023-03-05,In Stock
1702,Gadget X,Electronics,Warehouse 3,Aisle 5,100,29.99,Supplier C,98,2023-01-15,Low Stock
1401,Widget B,Furniture,Warehouse 3,Aisle 2,150,49.99,Supplier D,99,NULL,In Stock
1729,Widget A,Clothing,Warehouse 3,Aisle 4,150,19.99,Supplier A,100,2023-04-25,In Stock
1555,Widget B,Clothing,Warehouse 2,Aisle 5,200,19.99,Supplier A,101,NULL,In Stock
1161,Widget A,Clothing,Warehouse 2,Aisle 3,157,19.99,Supplier C,102,NULL,In Stock
1201,Gadget X,Electronics,Warehouse 3,Aisle 4,100,9.99,Supplier C,103,NULL,Low Stock
1957,Gadget X,Electronics,Warehouse 1,Aisle 2,150,49.99,Supplier A,104,2022-12-20,In Stock
1995,Gadget Y,Toys,Warehouse 1,Aisle 4,300,19.99,Supplier D,105,NULL,In Stock
1269,Widget B,Clothing,Warehouse 2,Aisle 1,150,29.99,Supplier D,106,NULL,In Stock
1862,Gadget Z,Electronics,Warehouse 1,Aisle 1,165,29.91,Supplier D,107,2022-12-20,In Stock
1815,Gadget Y,Toys,Warehouse 2,Aisle 5,300,26.51,Supplier C,108,2022-12-20,In Stock
1270,Widget B,Clothing,Warehouse 3,Aisle 5,200,19.99,Supplier B,109,2023-04-25,In Stock
1455,Gadget Y,Furniture,Warehouse 2,Aisle 3,100,26.51,Supplier B,110,2023-03-05,Low Stock
1461,Gadget Z,Toys,Warehouse 2,Aisle 4,200,29.91,Supplier B,111,2023-01-15,In Stock
1726,Widget C,Electronics,Warehouse 3,Aisle 1,200,9.99,Supplier B,112,2023-01-15,In Stock
1251,Widget C,Electronics,Warehouse 1,Aisle 5,100,29.99,Supplier B,113,NULL,Low Stock
1701,Widget C,Toys,Warehouse 2,Aisle 4,100,29.99,Supplier C,114,2023-04-25,Low Stock
1295,Widget C,Toys,Warehouse 2,Aisle 5,150,9.99,Supplier C,115,NULL,In Stock
1724,Widget A,Electronics,Warehouse 3,Aisle 5,150,9.99,Supplier B,116,2023-01-15,In Stock
1719,Widget C,Furniture,Warehouse 1,Aisle 1,100,24.99,Supplier C,117,2022-12-20,Low Stock
1748,Gadget Z,Clothing,Warehouse 2,Aisle 1,300,49.99,Supplier C,118,2023-03-05,In Stock
1337,Gadget X,Furniture,Warehouse 3,Aisle 5,50,30.08,Supplier B,119,2023-04-25,Low Stock
1878,Gadget X,Toys,Warehouse 2,Aisle 2,150,9.99,Supplier D,120,2022-12-20,In Stock
1052,Widget A,Furniture,Warehouse 3,Aisle 5,50,29.99,Supplier C,121,2023-03-05,Low Stock
1791,Widget C,Electronics,Warehouse 1,Aisle 5,300,24.99,Supplier D,122,2023-04-25,In Stock
1921,Widget C,Toys,Warehouse 1,Aisle 3,100,49.99,Supplier C,123,2023-04-25,Low Stock
1216,Widget C,Clothing,Warehouse 1,Aisle 3,300,24.99,Supplier C,124,2023-01-15,In Stock
1763,Gadget Y,Electronics,Warehouse 1,Aisle 3,150,19.99,Supplier B,125,2022-12-20,In Stock
1187,Widget B,Electronics,Warehouse 2,Aisle 2,200,28.65,Supplier C,126,2023-04-25,In Stock
1379,Gadget Y,Clothing,Warehouse 2,Aisle 2,100,9.99,Supplier A,127,2023-04-25,Low Stock
1492,Widget B,Clothing,Warehouse 1,Aisle 5,161,29.99,Supplier A,128,2023-03-05,In Stock
1040,Widget C,Furniture,Warehouse 1,Aisle 3,50,29.99,Supplier B,129,2023-01-15,Low Stock
1156,Widget C,Toys,Warehouse 1,Aisle 2,300,9.99,Supplier D,130,NULL,In Stock
1014,Gadget Y,Clothing,Warehouse 2,Aisle 1,100,19.99,Supplier D,131,2023-01-15,Low Stock
1812,Gadget Y,Clothing,Warehouse 1,Aisle 5,300,9.99,Supplier D,132,NULL,In Stock
1064,Widget B,Toys,Warehouse 1,Aisle 4,100,28.65,Supplier A,133,2022-12-20,Low Stock
1856,Gadget X,Clothing,Warehouse 1,Aisle 5,150,9.99,Supplier D,134,2022-12-20,In Stock
1838,Widget B,Clothing,Warehouse 3,Aisle 4,150,9.99,Supplier D,135,2023-04-25,In Stock
1520,Gadget Y,Furniture,Warehouse 1,Aisle 3,150,19.99,Supplier B,136,2022-12-20,In Stock
1343,Gadget Z,Electronics,Warehouse 3,Aisle 4,300,29.91,Supplier D,137,2023-04-25,In Stock
1128,Gadget Y,Electronics,Warehouse 3,Aisle 3,166,49.99,Supplier A,138,2023-01-15,In Stock
1647,Gadget Z,Electronics,Warehouse 1,Aisle 1,150,49.99,Supplier A,139,2022-12-20,In Stock
1471,Widget A,Electronics,Warehouse 3,Aisle 4,100,29.99,Supplier A,140,2023-01-15,Low Stock
1062,Gadget Y,Clothing,Warehouse 1,Aisle 5,150,9.99,Supplier B,141,2023-01-15,In Stock
1138,Widget A,Toys,Warehouse 2,Aisle 3,200,29.99,Supplier B,142,2022-12-20,In Stock
1498,Gadget X,Toys,Warehouse 2,Aisle 5,150,19.99,Supplier C,143,2023-01-15,In Stock
1592,Widget B,Furniture,Warehouse 2,Aisle 2,300,49.99,Supplier D,144,2022-12-20,In Stock
1391,Gadget Z,Furniture,Warehouse 2,Aisle 3,165,9.99,Supplier B,145,2022-12-20,In Stock
1674,Widget B,Clothing,Warehouse 3,Aisle 4,200,19.99,Supplier A,146,2022-12-20,In Stock
1418,Widget A,Toys,Warehouse 1,Aisle 3,300,19.99,Supplier A,147,NULL,In Stock
1288,Gadget Z,Toys,Warehouse 1,Aisle 5,300,9.99,Supplier B,148,2023-01-15,In Stock
1378,Widget B,Electronics,Warehouse 1,Aisle 1,300,19.99,Supplier B,149,2023-03-05,In Stock
1772,Gadget Y,Clothing,Warehouse 2,Aisle 3,100,9.99,Supplier B,150,2022-12-20,Low Stock
1489,Widget C,Clothing,Warehouse 2,Aisle 4,300,9.99,Supplier C,151,2023-01-15,In Stock
1230,Widget A,Electronics,Warehouse 1,Aisle 2,100,28.82,Supplier A,152,2023-04-25,Low Stock
1040,Widget B,Clothing,Warehouse 2,Aisle 1,300,29.99,Supplier C,153,2022-12-20,In Stock
1027,Widget A,Clothing,Warehouse 1,Aisle 2,50,19.99,Supplier C,154,2022-12-20,Low Stock
1134,Widget A,Furniture,Warehouse 1,Aisle 3,200,19.99,Supplier D,155,2023-03-05,In Stock
1200,Gadget Z,Toys,Warehouse 1,Aisle 5,50,29.91,Supplier A,156,NULL,Low Stock
1839,Gadget Z,Clothing,Warehouse 1,Aisle 5,300,29.91,Supplier A,157,NULL,In Stock
1779,Widget C,Furniture,Warehouse 1,Aisle 4,200,24.99,Supplier B,158,2022-12-20,In Stock
1929,Gadget Y,Toys,Warehouse 1,Aisle 5,200,49.99,Supplier B,159,2023-01-15,In Stock
1032,Widget A,Electronics,Warehouse 1,Aisle 1,157,49.99,Supplier D,160,2023-04-25,In Stock
1047,Widget B,Furniture,Warehouse 2,Aisle 5,50,49.99,Supplier C,161,2023-04-25,Low Stock
1502,Gadget X,Furniture,Warehouse 1,Aisle 4,150,9.99,Supplier B,162,2023-01-15,In Stock
1406,Widget A,Toys,Warehouse 1,Aisle 3,200,19.99,Supplier B,163,2022-12-20,In Stock
1573,Widget A,Electronics,Warehouse 2,Aisle 3,100,29.99,Supplier A,164,2023-04-25,Low Stock
1727,Widget C,Furniture,Warehouse 2,Aisle 5,200,9.99,Supplier A,165,NULL,In Stock
1804,Gadget Y,Clothing,Warehouse 2,Aisle 2,166,19.99,Supplier B,166,2023-01-15,In Stock
1098,Gadget X,Clothing,Warehouse 1,Aisle 3,50,19.99,Supplier A,167,2023-03-05,Low Stock
1683,Gadget Z,Clothing,Warehouse 3,Aisle 5,300,29.91,Supplier D,168,2022-12-20,In Stock
1871,Gadget Z,Electronics,Warehouse 3,Aisle 4,300,29.91,Supplier B,169,2023-01-15,In Stock
1725,Widget B,Furniture,Warehouse 2,Aisle 5,50,9.99,Supplier A,170,2023-04-25,Low Stock
1986,Gadget X,Clothing,Warehouse 3,Aisle 3,300,30.08,Supplier D,171,2022-12-20,In Stock
1546,Gadget Z,Electronics,Warehouse 2,Aisle 4,300,19.99,Supplier A,172,NULL,In Stock
1960,Widget B,Clothing,Warehouse 1,Aisle 5,161,28.65,Supplier A,173,2022-12-20,In Stock
1738,Gadget Y,Toys,Warehouse 3,Aisle 1,50,49.99,Supplier A,174,2022-12-20,Low Stock
1612,Widget B,Furniture,Warehouse 1,Aisle 4,150,28.65,Supplier B,175,NULL,In Stock
1942,Gadget Z,Furniture,Warehouse 3,Aisle 1,100,19.99,Supplier C,176,NULL,Low Stock
1461,Widget C,Electronics,Warehouse 1,Aisle 2,100,9.99,Supplier A,177,2022-12-20,Low Stock
1642,Widget C,Electronics,Warehouse 3,Aisle 4,300,29.99,Supplier D,178,NULL,In Stock
1768,Widget C,Furniture,Warehouse 1,Aisle 1,100,24.99,Supplier B,179,2023-01-15,Low Stock
1004,Gadget Z,Clothing,Warehouse 1,Aisle 3,50,19.99,Supplier B,180,NULL,Low Stock
1217,Widget C,Clothing,Warehouse 3,Aisle 3,50,29.99,Supplier D,181,NULL,Low Stock
1502,Gadget X,Toys,Warehouse 1,Aisle 2,200,29.99,Supplier A,182,2022-12-20,In Stock
1766,Gadget Y,Clothing,Warehouse 1,Aisle 4,200,49.99,Supplier C,183,2023-01-15,In Stock
1397,Widget B,Electronics,Warehouse 1,Aisle 4,100,29.99,Supplier A,184,2023-03-05,Low Stock
1870,Widget B,Electronics,Warehouse 3,Aisle 4,150,19.99,Supplier D,185,2023-03-05,In Stock
1794,Gadget Z,Clothing,Warehouse 3,Aisle 2,200,19.99,Supplier B,186,2023-04-25,In Stock
1392,Widget C,Electronics,Warehouse 1,Aisle 4,200,24.99,Supplier C,187,NULL,In Stock
1206,Widget C,Furniture,Warehouse 1,Aisle 3,50,24.99,Supplier B,188,NULL,Low Stock
1014,Widget A,Furniture,Warehouse 3,Aisle 1,150,28.82,Supplier D,189,2023-01-15,In Stock
1857,Gadget Y,Clothing,Warehouse 3,Aisle 3,300,29.99,Supplier A,190,2023-03-05,In Stock
1553,Gadget X,Furniture,Warehouse 1,Aisle 3,100,29.99,Supplier C,191,2023-04-25,Low Stock
1891,Widget B,Furniture,Warehouse 1,Aisle 1,200,49.99,Supplier B,192,2023-01-15,In Stock
1460,Widget A,Toys,Warehouse 1,Aisle 3,150,28.82,Supplier B,193,NULL,In Stock
1690,Widget A,Toys,Warehouse 2,Aisle 2,150,9.99,Supplier B,194,2023-03-05,In Stock
1574,Gadget Z,Furniture,Warehouse 3,Aisle 1,100,49.99,Supplier A,195,2023-04-25,Low Stock
1863,Widget B,Clothing,Warehouse 2,Aisle 3,150,9.99,Supplier C,196,2022-12-20,In Stock
1742,Gadget Z,Toys,Warehouse 3,Aisle 5,150,29.99,Supplier A,197,2023-03-05,In Stock
1240,Gadget X,Electronics,Warehouse 3,Aisle 3,150,49.99,Supplier A,198,2023-04-25,In Stock
1563,Widget A,Electronics,Warehouse 3,Aisle 2,200,49.99,Supplier A,199,2023-01-15,In Stock
1095,Widget A,Electronics,Warehouse 3,Aisle 4,100,19.99,Supplier D,200,2022-12-20,Low Stock
1899,Gadget Y,Clothing,Warehouse 3,Aisle 3,150,29.99,Supplier D,201,2023-04-25,In Stock
1733,Gadget X,Furniture,Warehouse 3,Aisle 4,150,29.99,Supplier D,202,2023-04-25,In Stock
1484,Widget A,Electronics,Warehouse 3,Aisle 5,200,49.99,Supplier C,203,NULL,In Stock
1406,Gadget X,Clothing,Warehouse 2,Aisle 3,100,29.99,Supplier A,204,2023-03-05,Low Stock
1230,Widget B,Toys,Warehouse 1,Aisle 1,50,49.99,Supplier A,205,NULL,Low Stock
1748,Widget C,Furniture,Warehouse 1,Aisle 4,200,19.99,Supplier D,206,2022-12-20,In Stock
1654,Widget A,Toys,Warehouse 2,Aisle 5,100,49.99,Supplier A,207,2023-04-25,Low Stock
1170,Gadget Y,Clothing,Warehouse 2,Aisle 1,150,29.99,Supplier A,208,NULL,In Stock
1540,Widget B,Electronics,Warehouse 2,Aisle 1,100,29.99,Supplier B,209,2023-03-05,Low Stock
1035,Gadget X,Electronics,Warehouse 2,Aisle 1,100,49.99,Supplier A,210,2022-12-20,Low Stock
1524,Gadget Z,Clothing,Warehouse 3,Aisle 1,300,49.99,Supplier B,211,2023-01-15,In Stock
1159,Widget B,Electronics,Warehouse 1,Aisle 3,100,49.99,Supplier A,212,NULL,Low Stock
1838,Widget A,Furniture,Warehouse 3,Aisle 3,50,28.82,Supplier C,213,2022-12-20,Low Stock
1698,Gadget X,Clothing,Warehouse 1,Aisle 3,100,29.99,Supplier D,214,2023-01-15,Low Stock
1242,Widget C,Toys,Warehouse 1,Aisle 5,50,29.99,Supplier B,215,NULL,Low Stock
1085,Widget B,Clothing,Warehouse 2,Aisle 5,150,28.65,Supplier D,216,2022-12-20,In Stock
1795,Widget A,Furniture,Warehouse 3,Aisle 5,50,49.99,Supplier B,217,2022-12-20,Low Stock
1577,Gadget Y,Furniture,Warehouse 2,Aisle 2,150,19.99,Supplier B,218,NULL,In Stock
1681,Gadget Z,Clothing,Warehouse 3,Aisle 5,150,49.99,Supplier B,219,2022-12-20,In Stock
1556,Gadget X,Clothing,Warehouse 1,Aisle 3,50,49.99,Supplier C,220,2023-04-25,Low Stock
1573,Widget B,Electronics,Warehouse 2,Aisle 3,200,28.65,Supplier A,221,NULL,In Stock
1952,Widget B,Furniture,Warehouse 2,Aisle 2,161,29.99,Supplier B,222,2022-12-20,In Stock
1645,Widget C,Clothing,Warehouse 1,Aisle 2,100,49.99,Supplier C,223,2023-01-15,Low Stock
1795,Widget C,Clothing,Warehouse 1,Aisle 5,300,29.99,Supplier B,224,2023-01-15,In Stock
1027,Gadget Y,Furniture,Warehouse 1,Aisle 4,166,9.99,Supplier A,225,2023-04-25,In Stock
1619,Gadget Z,Clothing,Warehouse 2,Aisle 2,100,29.99,Supplier B,226,NULL,Low Stock
1555,Gadget Y,Electronics,Warehouse 3,Aisle 1,100,19.99,Supplier C,227,2022-12-20,Low Stock
1339,Widget A,Furniture,Warehouse 2,Aisle 3,150,19.99,Supplier A,228,2022-12-20,In Stock
1797,Widget A,Electronics,Warehouse 3,Aisle 1,100,49.99,Supplier C,229,2023-01-15,Low Stock
1957,Gadget Y,Electronics,Warehouse 2,Aisle 3,300,29.99,Supplier A,230,2023-04-25,In Stock
1330,Gadget Z,Electronics,Warehouse 2,Aisle 3,100,49.99,Supplier A,231,2023-01-15,Low Stock
1639,Gadget Y,Electronics,Warehouse 1,Aisle 2,50,26.51,Supplier D,232,2023-01-15,Low Stock
1505,Gadget Z,Furniture,Warehouse 3,Aisle 2,165,19.99,Supplier D,233,2023-04-25,In Stock
1347,Gadget Z,Electronics,Warehouse 2,Aisle 1,50,49.99,Supplier D,234,NULL,Low Stock
1472,Gadget X,Electronics,Warehouse 2,Aisle 3,300,30.08,Supplier A,235,2022-12-20,In Stock
1230,Gadget Z,Clothing,Warehouse 1,Aisle 1,100,49.99,Supplier B,236,NULL,Low Stock
1189,Widget C,Furniture,Warehouse 1,Aisle 4,300,29.99,Supplier C,237,2023-03-05,In Stock
1224,Gadget Z,Furniture,Warehouse 3,Aisle 1,150,29.99,Supplier C,238,2023-03-05,In Stock
1384,Gadget Z,Toys,Warehouse 2,Aisle 5,50,29.99,Supplier C,239,2023-03-05,Low Stock
1376,Gadget Z,Furniture,Warehouse 3,Aisle 1,50,29.99,Supplier D,240,2023-04-25,Low Stock
1282,Widget A,Furniture,Warehouse 2,Aisle 5,200,9.99,Supplier A,241,2023-01-15,In Stock
1957,Widget C,Toys,Warehouse 3,Aisle 5,100,24.99,Supplier D,242,NULL,Low Stock
1632,Widget C,Furniture,Warehouse 1,Aisle 5,150,24.99,Supplier B,243,2022-12-20,In Stock
1627,Gadget Y,Furniture,Warehouse 2,Aisle 4,50,29.99,Supplier A,244,2023-03-05,Low Stock
1972,Gadget X,Furniture,Warehouse 3,Aisle 1,50,9.99,Supplier C,245,NULL,Low Stock
1744,Gadget Z,Furniture,Warehouse 1,Aisle 1,150,29.99,Supplier D,246,2023-03-05,In Stock
1258,Widget B,Toys,Warehouse 1,Aisle 4,300,9.99,Supplier D,247,2023-03-05,In Stock
1358,Gadget X,Furniture,Warehouse 3,Aisle 3,300,29.99,Supplier B,248,2022-12-20,In Stock
1709,Gadget X,Furniture,Warehouse 2,Aisle 2,100,19.99,Supplier B,249,2023-04-25,Low Stock
1455,Widget C,Toys,Warehouse 2,Aisle 1,200,19.99,Supplier D,250,2023-01-15,In Stock
1410,Gadget X,Clothing,Warehouse 1,Aisle 2,50,49.99,Supplier B,251,2023-04-25,Low Stock
1648,Gadget Z,Electronics,Warehouse 2,Aisle 4,200,29.99,Supplier C,252,NULL,In Stock
1317,Gadget Z,Clothing,Warehouse 2,Aisle 3,300,29.91,Supplier B,253,2023-04-25,In Stock
1676,Widget A,Toys,Warehouse 2,Aisle 3,300,49.99,Supplier B,254,NULL,In Stock
1224,Gadget Z,Electronics,Warehouse 1,Aisle 3,165,19.99,Supplier D,255,NULL,In Stock
1818,Gadget Z,Toys,Warehouse 3,Aisle 4,100,29.99,Supplier D,256,2023-01-15,Low Stock
1233,Widget C,Toys,Warehouse 2,Aisle 5,164,49.99,Supplier A,257,2022-12-20,In Stock
1683,Gadget Z,Furniture,Warehouse 1,Aisle 5,165,29.99,Supplier A,258,2023-01-15,In Stock
1663,Widget A,Electronics,Warehouse 1,Aisle 2,157,19.99,Supplier D,259,2023-04-25,In Stock
1974,Widget B,Furniture,Warehouse 3,Aisle 5,100,49.99,Supplier B,260,NULL,Low Stock
1826,Widget C,Electronics,Warehouse 2,Aisle 5,100,19.99,Supplier B,261,2023-03-05,Low Stock
1373,Widget B,Toys,Warehouse 2,Aisle 3,150,9.99,Supplier A,262,2023-03-05,In Stock
1671,Widget C,Toys,Warehouse 3,Aisle 3,200,19.99,Supplier A,263,NULL,In Stock
1607,Gadget Y,Clothing,Warehouse 3,Aisle 2,200,29.99,Supplier A,264,2023-01-15,In Stock
1471,Gadget X,Electronics,Warehouse 1,Aisle 1,150,30.08,Supplier C,265,2022-12-20,In Stock
1232,Gadget Y,Furniture,Warehouse 1,Aisle 2,150,19.99,Supplier C,266,2023-01-15,In Stock
1691,Gadget Z,Clothing,Warehouse 3,Aisle 2,300,29.91,Supplier A,267,NULL,In Stock
1112,Widget B,Clothing,Warehouse 2,Aisle 4,161,9.99,Supplier B,268,NULL,In Stock
1829,Gadget Z,Clothing,Warehouse 1,Aisle 4,150,49.99,Supplier A,269,2022-12-20,In Stock
1496,Gadget X,Furniture,Warehouse 1,Aisle 2,50,49.99,Supplier C,270,2023-04-25,Low Stock
1441,Widget C,Clothing,Warehouse 2,Aisle 2,200,24.99,Supplier B,271,2023-04-25,In Stock
1563,Gadget X,Furniture,Warehouse 1,Aisle 2,150,49.99,Supplier C,272,2022-12-20,In Stock
1267,Widget A,Clothing,Warehouse 2,Aisle 5,50,19.99,Supplier B,273,2023-04-25,Low Stock
1509,Gadget X,Furniture,Warehouse 2,Aisle 4,50,30.08,Supplier C,274,2023-03-05,Low Stock
1806,Widget A,Toys,Warehouse 2,Aisle 2,50,29.99,Supplier B,275,2023-04-25,Low Stock
1385,Gadget X,Toys,Warehouse 3,Aisle 3,300,19.99,Supplier B,276,2023-04-25,In Stock
1386,Widget A,Toys,Warehouse 3,Aisle 3,300,19.99,Supplier B,277,2023-04-25,In Stock
1112,Widget B,Toys,Warehouse 3,Aisle 5,50,19.99,Supplier B,278,2023-03-05,Low Stock
1612,Gadget Z,Toys,Warehouse 2,Aisle 5,300,29.99,Supplier D,279,2023-04-25,In Stock
1624,Gadget Z,Clothing,Warehouse 2,Aisle 1,165,9.99,Supplier C,280,2023-03-05,In Stock
1951,Gadget Y,Clothing,Warehouse 3,Aisle 1,50,49.99,Supplier C,281,2022-12-20,Low Stock
1080,Gadget Z,Clothing,Warehouse 1,Aisle 1,165,29.91,Supplier D,282,2023-01-15,In Stock
1698,Widget C,Furniture,Warehouse 2,Aisle 5,164,9.99,Supplier B,283,2022-12-20,In Stock
1112,Gadget X,Furniture,Warehouse 1,Aisle 5,50,30.08,Supplier B,284,2023-01-15,Low Stock
1001,Gadget Y,Furniture,Warehouse 1,Aisle 5,200,49.99,Supplier C,285,2022-12-20,In Stock
1641,Widget C,Furniture,Warehouse 2,Aisle 3,50,29.99,Supplier D,286,2023-01-15,Low Stock
1219,Widget C,Toys,Warehouse 2,Aisle 5,50,19.99,Supplier B,287,2023-01-15,Low Stock
1565,Widget A,Toys,Warehouse 1,Aisle 3,300,19.99,Supplier B,288,NULL,In Stock
1854,Gadget Z,Toys,Warehouse 1,Aisle 1,50,29.99,Supplier B,289,2023-01-15,Low Stock
1996,Widget B,Electronics,Warehouse 3,Aisle 1,200,9.99,Supplier A,290,2023-01-15,In Stock
1735,Widget B,Clothing,Warehouse 3,Aisle 1,300,9.99,Supplier D,291,NULL,In Stock
1224,Gadget Y,Furniture,Warehouse 2,Aisle 2,100,26.51,Supplier B,292,2023-04-25,Low Stock
1384,Widget B,Furniture,Warehouse 3,Aisle 2,100,29.99,Supplier A,293,2023-04-25,Low Stock
1402,Gadget X,Toys,Warehouse 3,Aisle 4,150,9.99,Supplier D,294,NULL,In Stock
1637,Widget B,Furniture,Warehouse 3,Aisle 4,161,29.99,Supplier B,295,2023-03-05,In Stock
1129,Gadget Y,Furniture,Warehouse 3,Aisle 4,200,49.99,Supplier C,296,2023-01-15,In Stock
1052,Widget B,Clothing,Warehouse 1,Aisle 2,150,19.99,Supplier A,297,2023-01-15,In Stock
1683,Gadget X,Toys,Warehouse 2,Aisle 2,100,19.99,Supplier A,298,NULL,Low Stock
1729,Widget A,Clothing,Warehouse 3,Aisle 4,157,19.99,Supplier B,299,NULL,In Stock
1671,Gadget Y,Electronics,Warehouse 1,Aisle 4,100,29.99,Supplier B,300,2023-03-05,Low Stock
1709,Widget A,Electronics,Warehouse 1,Aisle 5,200,29.99,Supplier A,301,2023-04-25,In Stock
1415,Widget A,Electronics,Warehouse 1,Aisle 4,200,28.82,Supplier C,302,2022-12-20,In Stock
1246,Widget A,Toys,Warehouse 3,Aisle 5,150,19.99,Supplier C,303,2023-04-25,In Stock
1835,Widget C,Furniture,Warehouse 3,Aisle 3,150,24.99,Supplier D,304,2023-01-15,In Stock
1438,Gadget Z,Toys,Warehouse 2,Aisle 2,300,19.99,Supplier B,305,NULL,In Stock
1202,Widget C,Toys,Warehouse 3,Aisle 4,200,24.99,Supplier C,306,2023-03-05,In Stock
1183,Gadget Z,Furniture,Warehouse 3,Aisle 2,165,29.91,Supplier D,307,2023-04-25,In Stock
1122,Widget A,Clothing,Warehouse 1,Aisle 2,100,49.99,Supplier C,308,2023-03-05,Low Stock
1400,Gadget Y,Electronics,Warehouse 2,Aisle 2,50,26.51,Supplier B,309,2023-04-25,Low Stock
1766,Gadget Z,Clothing,Warehouse 3,Aisle 3,150,29.99,Supplier D,310,2023-01-15,In Stock
1293,Gadget X,Electronics,Warehouse 3,Aisle 1,50,30.08,Supplier D,311,2022-12-20,Low Stock
1279,Gadget X,Toys,Warehouse 1,Aisle 4,150,19.99,Supplier D,312,2023-03-05,In Stock
1836,Widget B,Electronics,Warehouse 1,Aisle 1,150,28.65,Supplier C,313,2023-03-05,In Stock
1883,Gadget Z,Toys,Warehouse 3,Aisle 1,50,9.99,Supplier B,314,2022-12-20,Low Stock
1609,Gadget Y,Clothing,Warehouse 2,Aisle 1,166,19.99,Supplier D,315,2023-03-05,In Stock
1197,Widget C,Toys,Warehouse 2,Aisle 2,100,9.99,Supplier A,316,2023-03-05,Low Stock
1981,Widget A,Clothing,Warehouse 1,Aisle 5,157,19.99,Supplier B,317,2023-04-25,In Stock
1906,Widget B,Furniture,Warehouse 1,Aisle 2,300,29.99,Supplier A,318,2023-04-25,In Stock
1510,Gadget X,Furniture,Warehouse 3,Aisle 2,150,29.99,Supplier A,319,2022-12-20,In Stock
1751,Widget C,Furniture,Warehouse 1,Aisle 1,200,29.99,Supplier D,320,2023-01-15,In Stock
1143,Widget C,Toys,Warehouse 3,Aisle 2,100,9.99,Supplier D,321,2023-03-05,Low Stock
1608,Widget A,Furniture,Warehouse 2,Aisle 1,50,49.99,Supplier C,322,2023-01-15,Low Stock
1200,Gadget Z,Electronics,Warehouse 2,Aisle 5,150,19.99,Supplier C,323,2022-12-20,In Stock
1123,Gadget X,Clothing,Warehouse 3,Aisle 4,200,29.99,Supplier C,324,2022-12-20,In Stock
1186,Gadget Y,Clothing,Warehouse 1,Aisle 1,166,19.99,Supplier B,325,2023-04-25,In Stock
1325,Widget C,Electronics,Warehouse 2,Aisle 5,200,9.99,Supplier C,326,2023-03-05,In Stock
1463,Widget A,Toys,Warehouse 1,Aisle 4,150,49.99,Supplier A,327,NULL,In Stock
1348,Gadget Y,Toys,Warehouse 2,Aisle 3,150,9.99,Supplier C,328,2022-12-20,In Stock
1770,Gadget Z,Clothing,Warehouse 3,Aisle 1,300,19.99,Supplier D,329,2023-03-05,In Stock
1659,Gadget X,Furniture,Warehouse 3,Aisle 1,300,49.99,Supplier C,330,2023-01-15,In Stock
1763,Gadget Z,Toys,Warehouse 3,Aisle 3,200,49.99,Supplier B,331,2023-04-25,In Stock
1954,Widget C,Toys,Warehouse 2,Aisle 3,164,9.99,Supplier B,332,2023-01-15,In Stock
1931,Gadget Y,Electronics,Warehouse 1,Aisle 1,200,29.99,Supplier A,333,2022-12-20,In Stock
1402,Gadget Y,Electronics,Warehouse 1,Aisle 3,150,19.99,Supplier B,334,2022-12-20,In Stock
1345,Gadget Y,Furniture,Warehouse 1,Aisle 2,150,26.51,Supplier C,335,2023-01-15,In Stock
1962,Widget C,Toys,Warehouse 2,Aisle 4,50,24.99,Supplier D,336,2022-12-20,Low Stock
1510,Widget C,Toys,Warehouse 2,Aisle 4,300,9.99,Supplier B,337,2023-03-05,In Stock
1146,Gadget Z,Electronics,Warehouse 2,Aisle 4,50,19.99,Supplier A,338,2022-12-20,Low Stock
1147,Widget B,Toys,Warehouse 2,Aisle 2,100,19.99,Supplier C,339,2023-04-25,Low Stock
1863,Gadget Z,Clothing,Warehouse 2,Aisle 3,150,9.99,Supplier A,340,2023-03-05,In Stock
1710,Gadget X,Electronics,Warehouse 1,Aisle 5,50,19.99,Supplier B,341,NULL,Low Stock
1819,Widget A,Furniture,Warehouse 2,Aisle 3,200,29.99,Supplier B,342,2022-12-20,In Stock
1488,Gadget Y,Electronics,Warehouse 2,Aisle 1,300,9.99,Supplier A,343,2022-12-20,In Stock
1928,Widget B,Toys,Warehouse 1,Aisle 4,300,29.99,Supplier C,344,2023-04-25,In Stock
1935,Widget A,Furniture,Warehouse 2,Aisle 3,157,19.99,Supplier B,345,2023-04-25,In Stock
1639,Widget B,Electronics,Warehouse 1,Aisle 5,200,9.99,Supplier D,346,2023-01-15,In Stock
1550,Gadget Z,Clothing,Warehouse 1,Aisle 1,165,19.99,Supplier B,347,2023-01-15,In Stock
1337,Widget C,Clothing,Warehouse 3,Aisle 2,50,9.99,Supplier C,348,2023-01-15,Low Stock
1871,Gadget Y,Electronics,Warehouse 3,Aisle 2,100,19.99,Supplier B,349,2023-04-25,Low Stock
1640,Gadget Z,Clothing,Warehouse 3,Aisle 5,200,29.99,Supplier A,350,2023-01-15,In Stock
1778,Widget A,Clothing,Warehouse 3,Aisle 1,200,29.99,Supplier B,351,2023-01-15,In Stock
1987,Widget A,Clothing,Warehouse 2,Aisle 4,200,19.99,Supplier B,352,NULL,In Stock
1952,Widget A,Furniture,Warehouse 3,Aisle 3,157,9.99,Supplier C,353,2023-01-15,In Stock
1472,Widget A,Clothing,Warehouse 1,Aisle 1,50,28.82,Supplier A,354,2022-12-20,Low Stock
1945,Widget A,Clothing,Warehouse 2,Aisle 2,200,29.99,Supplier C,355,2023-04-25,In Stock
1150,Widget B,Clothing,Warehouse 3,Aisle 5,200,29.99,Supplier B,356,2023-03-05,In Stock
1414,Gadget Z,Furniture,Warehouse 1,Aisle 5,300,29.91,Supplier D,357,NULL,In Stock
1989,Gadget Y,Electronics,Warehouse 2,Aisle 3,100,19.99,Supplier B,358,2023-04-25,Low Stock
1297,Widget C,Toys,Warehouse 2,Aisle 5,300,9.99,Supplier C,359,2023-04-25,In Stock
1610,Widget C,Clothing,Warehouse 3,Aisle 5,300,19.99,Supplier D,360,2022-12-20,In Stock
1262,Gadget Z,Electronics,Warehouse 2,Aisle 1,100,49.99,Supplier C,361,2023-01-15,Low Stock
1763,Gadget Z,Clothing,Warehouse 1,Aisle 4,50,29.99,Supplier C,362,2022-12-20,Low Stock
1143,Widget C,Furniture,Warehouse 2,Aisle 3,300,49.99,Supplier A,363,2023-01-15,In Stock
1345,Widget C,Electronics,Warehouse 1,Aisle 1,50,29.99,Supplier D,364,2023-01-15,Low Stock
1623,Widget B,Furniture,Warehouse 2,Aisle 4,300,29.99,Supplier B,365,2023-04-25,In Stock
1571,Gadget X,Clothing,Warehouse 3,Aisle 1,150,49.99,Supplier C,366,2023-01-15,In Stock
1880,Gadget Y,Clothing,Warehouse 1,Aisle 1,100,49.99,Supplier B,367,NULL,Low Stock
1001,Widget A,Furniture,Warehouse 2,Aisle 5,300,19.99,Supplier A,368,NULL,In Stock
1896,Gadget X,Toys,Warehouse 2,Aisle 4,150,49.99,Supplier A,369,NULL,In Stock
1303,Gadget Z,Furniture,Warehouse 2,Aisle 3,165,19.99,Supplier D,370,2023-04-25,In Stock
1253,Widget C,Clothing,Warehouse 1,Aisle 3,150,19.99,Supplier A,371,2022-12-20,In Stock
1651,Gadget X,Furniture,Warehouse 1,Aisle 4,200,19.99,Supplier A,372,2023-03-05,In Stock
1452,Gadget Y,Toys,Warehouse 1,Aisle 5,300,29.99,Supplier B,373,2023-01-15,In Stock
1036,Gadget Z,Furniture,Warehouse 3,Aisle 2,150,29.99,Supplier A,374,2023-03-05,In Stock
1159,Widget A,Toys,Warehouse 3,Aisle 1,50,49.99,Supplier A,375,2022-12-20,Low Stock
1008,Widget A,Toys,Warehouse 1,Aisle 5,157,29.99,Supplier C,376,2022-12-20,In Stock
1232,Gadget Y,Furniture,Warehouse 2,Aisle 4,300,49.99,Supplier A,377,2023-04-25,In Stock
1098,Gadget Y,Furniture,Warehouse 3,Aisle 1,200,29.99,Supplier C,378,NULL,In Stock
1658,Widget C,Electronics,Warehouse 1,Aisle 3,150,9.99,Supplier A,379,NULL,In Stock
1815,Widget A,Clothing,Warehouse 2,Aisle 2,157,9.99,Supplier A,380,2022-12-20,In Stock
1207,Gadget Z,Toys,Warehouse 3,Aisle 3,300,49.99,Supplier D,381,2023-04-25,In Stock
1130,Gadget X,Electronics,Warehouse 2,Aisle 4,150,29.99,Supplier D,382,2023-04-25,In Stock
1403,Gadget Z,Furniture,Warehouse 2,Aisle 1,200,29.99,Supplier C,383,2023-01-15,In Stock
1151,Widget B,Clothing,Warehouse 2,Aisle 4,150,19.99,Supplier A,384,NULL,In Stock
1053,Widget B,Electronics,Warehouse 2,Aisle 1,161,28.65,Supplier B,385,2022-12-20,In Stock
1119,Gadget Y,Toys,Warehouse 3,Aisle 5,166,49.99,Supplier D,386,2023-03-05,In Stock
1672,Widget C,Electronics,Warehouse 3,Aisle 2,100,24.99,Supplier B,387,NULL,Low Stock
1919,Widget B,Toys,Warehouse 3,Aisle 5,161,28.65,Supplier D,388,2023-01-15,In Stock
1627,Widget A,Furniture,Warehouse 1,Aisle 5,100,49.99,Supplier D,389,2023-04-25,Low Stock
1586,Gadget Z,Clothing,Warehouse 3,Aisle 4,150,29.99,Supplier A,390,2022-12-20,In Stock
1624,Gadget Z,Clothing,Warehouse 2,Aisle 2,300,49.99,Supplier D,391,NULL,In Stock
1967,Gadget Y,Clothing,Warehouse 3,Aisle 1,300,26.51,Supplier B,392,2023-03-05,In Stock
1419,Gadget X,Furniture,Warehouse 2,Aisle 1,150,29.99,Supplier D,393,2023-01-15,In Stock
1421,Gadget Y,Toys,Warehouse 1,Aisle 3,150,9.99,Supplier C,394,2023-01-15,In Stock
1103,Gadget X,Furniture,Warehouse 2,Aisle 1,50,49.99,Supplier A,395,NULL,Low Stock
1851,Gadget Y,Clothing,Warehouse 2,Aisle 4,150,49.99,Supplier A,396,2023-03-05,In Stock
1253,Gadget Y,Furniture,Warehouse 2,Aisle 5,166,29.99,Supplier C,397,2023-01-15,In Stock
1226,Gadget Y,Furniture,Warehouse 1,Aisle 5,300,9.99,Supplier C,398,2022-12-20,In Stock
1111,Gadget X,Furniture,Warehouse 3,Aisle 5,200,9.99,Supplier C,399,2023-01-15,In Stock
1509,Gadget X,Toys,Warehouse 3,Aisle 2,300,29.99,Supplier D,400,2023-03-05,In Stock
1472,Gadget Y,Electronics,Warehouse 1,Aisle 1,100,19.99,Supplier A,401,2023-04-25,Low Stock
1098,Widget B,Electronics,Warehouse 2,Aisle 4,300,49.99,Supplier C,402,2023-04-25,In Stock
1152,Widget C,Furniture,Warehouse 3,Aisle 2,50,49.99,Supplier D,403,NULL,Low Stock
1860,Widget C,Electronics,Warehouse 1,Aisle 3,150,24.99,Supplier C,404,2023-03-05,In Stock
1913,Widget C,Electronics,Warehouse 3,Aisle 4,150,29.99,Supplier B,405,2023-01-15,In Stock
1895,Gadget X,Furniture,Warehouse 1,Aisle 4,300,30.08,Supplier B,406,2023-01-15,In Stock
1877,Gadget X,Furniture,Warehouse 2,Aisle 4,200,30.08,Supplier A,407,2023-04-25,In Stock
1337,Widget B,Clothing,Warehouse 3,Aisle 5,200,9.99,Supplier D,408,2023-04-25,In Stock
1705,Widget C,Electronics,Warehouse 1,Aisle 4,50,49.99,Supplier B,409,2022-12-20,Low Stock
1821,Widget C,Toys,Warehouse 3,Aisle 1,100,24.99,Supplier B,410,2023-04-25,Low Stock
1162,Gadget Y,Furniture,Warehouse 3,Aisle 4,300,9.99,Supplier D,411,2022-12-20,In Stock
1719,Gadget X,Clothing,Warehouse 3,Aisle 5,150,29.99,Supplier C,412,2023-01-15,In Stock
1956,Widget C,Toys,Warehouse 3,Aisle 4,300,24.99,Supplier D,413,2022-12-20,In Stock
1680,Gadget Z,Electronics,Warehouse 1,Aisle 3,50,49.99,Supplier C,414,2022-12-20,Low Stock
1995,Widget B,Clothing,Warehouse 2,Aisle 3,161,28.65,Supplier B,415,NULL,In Stock
1160,Gadget Z,Furniture,Warehouse 1,Aisle 5,165,29.99,Supplier B,416,2023-04-25,In Stock
1579,Gadget Z,Toys,Warehouse 1,Aisle 1,50,29.91,Supplier B,417,2022-12-20,Low Stock
1800,Widget B,Furniture,Warehouse 1,Aisle 1,150,49.99,Supplier A,418,2023-01-15,In Stock
1397,Gadget Z,Electronics,Warehouse 2,Aisle 2,50,9.99,Supplier A,419,2023-03-05,Low Stock
1276,Widget C,Toys,Warehouse 3,Aisle 5,150,49.99,Supplier A,420,2022-12-20,In Stock
1815,Gadget X,Electronics,Warehouse 3,Aisle 4,200,9.99,Supplier D,421,2023-04-25,In Stock
1915,Widget B,Electronics,Warehouse 3,Aisle 5,50,19.99,Supplier B,422,NULL,Low Stock
1503,Gadget Y,Clothing,Warehouse 2,Aisle 2,150,49.99,Supplier B,423,2023-01-15,In Stock
1895,Gadget Z,Furniture,Warehouse 3,Aisle 5,50,49.99,Supplier D,424,NULL,Low Stock
1391,Widget B,Toys,Warehouse 2,Aisle 5,50,29.99,Supplier A,425,2023-03-05,Low Stock
1134,Widget A,Electronics,Warehouse 3,Aisle 2,150,28.82,Supplier D,426,2022-12-20,In Stock
1194,Widget A,Electronics,Warehouse 3,Aisle 1,150,9.99,Supplier A,427,2022-12-20,In Stock
1400,Gadget X,Toys,Warehouse 1,Aisle 4,100,9.99,Supplier B,428,2023-04-25,Low Stock
1639,Widget C,Electronics,Warehouse 2,Aisle 2,50,29.99,Supplier C,429,2022-12-20,Low Stock
1032,Gadget X,Clothing,Warehouse 1,Aisle 3,150,29.99,Supplier A,430,2023-01-15,In Stock
1687,Gadget X,Clothing,Warehouse 1,Aisle 1,50,30.08,Supplier B,431,2023-03-05,Low Stock
1459,Gadget X,Clothing,Warehouse 1,Aisle 3,50,30.08,Supplier B,432,NULL,Low Stock
1954,Gadget X,Clothing,Warehouse 2,Aisle 1,150,49.99,Supplier C,433,2023-03-05,In Stock
1882,Gadget Y,Electronics,Warehouse 2,Aisle 4,50,19.99,Supplier B,434,2022-12-20,Low Stock
1469,Gadget Y,Toys,Warehouse 3,Aisle 4,300,26.51,Supplier B,435,NULL,In Stock
1374,Widget B,Toys,Warehouse 1,Aisle 5,50,29.99,Supplier A,436,2023-04-25,Low Stock
1021,Widget A,Toys,Warehouse 3,Aisle 3,300,28.82,Supplier A,437,2023-03-05,In Stock
1749,Gadget X,Toys,Warehouse 1,Aisle 1,150,9.99,Supplier C,438,NULL,In Stock
1669,Widget B,Furniture,Warehouse 2,Aisle 4,150,19.99,Supplier C,439,NULL,In Stock
1037,Widget A,Toys,Warehouse 2,Aisle 2,50,49.99,Supplier B,440,NULL,Low Stock
1229,Gadget Z,Furniture,Warehouse 2,Aisle 4,300,9.99,Supplier A,441,2023-01-15,In Stock
1364,Widget C,Furniture,Warehouse 1,Aisle 2,300,9.99,Supplier C,442,2023-03-05,In Stock
1562,Gadget Y,Clothing,Warehouse 2,Aisle 1,300,19.99,Supplier C,443,NULL,In Stock
1437,Gadget Z,Furniture,Warehouse 1,Aisle 4,200,49.99,Supplier D,444,2023-03-05,In Stock
1775,Widget A,Electronics,Warehouse 3,Aisle 4,100,29.99,Supplier C,445,NULL,Low Stock
1282,Gadget Z,Furniture,Warehouse 1,Aisle 1,165,49.99,Supplier B,446,2023-04-25,In Stock
1026,Widget C,Clothing,Warehouse 3,Aisle 4,50,24.99,Supplier A,447,2023-04-25,Low Stock
1225,Widget A,Furniture,Warehouse 1,Aisle 2,200,9.99,Supplier C,448,2023-04-25,In Stock
1276,Gadget Z,Electronics,Warehouse 3,Aisle 4,50,29.91,Supplier D,449,2022-12-20,Low Stock
1797,Gadget Y,Electronics,Warehouse 2,Aisle 3,50,29.99,Supplier A,450,NULL,Low Stock
1608,Gadget Y,Electronics,Warehouse 3,Aisle 5,150,26.51,Supplier C,451,2022-12-20,In Stock
1283,Widget B,Clothing,Warehouse 2,Aisle 2,150,49.99,Supplier D,452,2023-03-05,In Stock
1878,Gadget Z,Clothing,Warehouse 2,Aisle 3,150,29.91,Supplier C,453,2022-12-20,In Stock
1959,Gadget X,Toys,Warehouse 3,Aisle 1,200,29.99,Supplier A,454,2023-03-05,In Stock
1480,Gadget Z,Clothing,Warehouse 1,Aisle 2,50,29.99,Supplier A,455,2023-03-05,Low Stock
1452,Widget A,Electronics,Warehouse 1,Aisle 5,100,29.99,Supplier A,456,2023-03-05,Low Stock
1828,Widget A,Electronics,Warehouse 1,Aisle 5,157,49.99,Supplier B,457,2022-12-20,In Stock
1815,Gadget Z,Clothing,Warehouse 1,Aisle 1,150,29.99,Supplier C,458,NULL,In Stock
1658,Widget C,Furniture,Warehouse 1,Aisle 1,150,9.99,Supplier B,459,2022-12-20,In Stock
1515,Gadget Y,Clothing,Warehouse 2,Aisle 2,50,29.99,Supplier A,460,NULL,Low Stock
1546,Widget A,Clothing,Warehouse 1,Aisle 4,50,28.82,Supplier D,461,NULL,Low Stock
1191,Gadget Y,Electronics,Warehouse 2,Aisle 1,200,26.51,Supplier C,462,2023-03-05,In Stock
1048,Widget A,Toys,Warehouse 2,Aisle 4,200,28.82,Supplier B,463,2022-12-20,In Stock
1511,Widget B,Electronics,Warehouse 2,Aisle 3,150,49.99,Supplier C,464,NULL,In Stock
1016,Gadget X,Toys,Warehouse 3,Aisle 5,50,30.08,Supplier D,465,2023-04-25,Low Stock
1171,Widget A,Electronics,Warehouse 3,Aisle 4,100,49.99,Supplier B,466,NULL,Low Stock
1219,Gadget Y,Clothing,Warehouse 2,Aisle 5,166,49.99,Supplier A,467,2023-04-25,In Stock
1157,Widget B,Electronics,Warehouse 3,Aisle 4,50,29.99,Supplier B,468,2022-12-20,Low Stock
1476,Widget A,Electronics,Warehouse 1,Aisle 3,50,9.99,Supplier C,469,2022-12-20,Low Stock
1045,Widget C,Electronics,Warehouse 1,Aisle 1,300,29.99,Supplier C,470,2022-12-20,In Stock
1372,Gadget X,Clothing,Warehouse 2,Aisle 3,200,29.99,Supplier C,471,NULL,In Stock
1517,Widget A,Clothing,Warehouse 1,Aisle 1,157,49.99,Supplier C,472,2023-01-15,In Stock
1098,Widget B,Clothing,Warehouse 2,Aisle 1,150,49.99,Supplier A,473,NULL,In Stock
1891,Widget C,Clothing,Warehouse 2,Aisle 5,50,24.99,Supplier B,474,NULL,Low Stock
1744,Gadget Z,Toys,Warehouse 1,Aisle 3,150,29.91,Supplier A,475,2023-03-05,In Stock
1036,Widget B,Toys,Warehouse 3,Aisle 4,50,29.99,Supplier A,476,2023-03-05,Low Stock
1279,Widget B,Furniture,Warehouse 1,Aisle 3,150,19.99,Supplier A,477,NULL,In Stock
1348,Widget C,Clothing,Warehouse 1,Aisle 5,164,19.99,Supplier C,478,2023-04-25,In Stock
1496,Widget B,Toys,Warehouse 2,Aisle 1,200,28.65,Supplier C,479,2023-03-05,In Stock
1301,Widget C,Electronics,Warehouse 2,Aisle 5,164,19.99,Supplier C,480,NULL,In Stock
1180,Widget A,Clothing,Warehouse 2,Aisle 2,300,28.82,Supplier B,481,2023-01-15,In Stock
1606,Widget C,Furniture,Warehouse 2,Aisle 2,100,49.99,Supplier D,482,2023-04-25,Low Stock
1098,Widget C,Furniture,Warehouse 3,Aisle 4,200,29.99,Supplier C,483,2022-12-20,In Stock
1699,Gadget X,Furniture,Warehouse 3,Aisle 5,150,9.99,Supplier B,484,NULL,In Stock
1992,Widget C,Electronics,Warehouse 3,Aisle 4,300,29.99,Supplier C,485,NULL,In Stock
1115,Widget C,Toys,Warehouse 2,Aisle 4,100,24.99,Supplier C,486,2023-04-25,Low Stock
1190,Gadget Z,Electronics,Warehouse 2,Aisle 2,300,29.91,Supplier A,487,2023-03-05,In Stock
1252,Widget A,Clothing,Warehouse 2,Aisle 4,50,29.99,Supplier A,488,2023-03-05,Low Stock
1980,Gadget X,Furniture,Warehouse 3,Aisle 2,50,30.08,Supplier A,489,2023-03-05,Low Stock
1927,Gadget Z,Electronics,Warehouse 2,Aisle 1,150,19.99,Supplier B,490,2022-12-20,In Stock
1982,Gadget Y,Electronics,Warehouse 1,Aisle 5,200,19.99,Supplier D,491,2023-04-25,In Stock
1160,Widget A,Toys,Warehouse 1,Aisle 4,50,28.82,Supplier D,492,2023-04-25,Low Stock
1255,Widget A,Toys,Warehouse 2,Aisle 2,300,28.82,Supplier B,493,2023-03-05,In Stock
1322,Gadget Y,Furniture,Warehouse 1,Aisle 3,200,19.99,Supplier C,494,2023-03-05,In Stock
1127,Widget C,Electronics,Warehouse 1,Aisle 4,50,24.99,Supplier B,495,2023-01-15,Low Stock
1017,Gadget Z,Electronics,Warehouse 3,Aisle 1,150,29.91,Supplier C,496,2023-01-15,In Stock
1792,Widget B,Toys,Warehouse 2,Aisle 1,161,29.99,Supplier B,497,NULL,In Stock
1734,Gadget X,Electronics,Warehouse 2,Aisle 3,150,9.99,Supplier B,498,NULL,In Stock
1565,Widget B,Electronics,Warehouse 3,Aisle 2,100,19.99,Supplier B,499,2023-04-25,Low Stock
1569,Gadget Y,Electronics,Warehouse 1,Aisle 4,50,29.99,Supplier D,500,2023-04-25,Low Stock
1322,Widget A,Toys,Warehouse 1,Aisle 2,100,9.99,Supplier A,501,2022-12-20,Low Stock
1871,Widget A,Furniture,Warehouse 2,Aisle 1,100,28.82,Supplier B,502,2022-12-20,Low Stock
1685,Gadget X,Clothing,Warehouse 1,Aisle 2,300,30.08,Supplier D,503,2023-01-15,In Stock
1791,Widget A,Furniture,Warehouse 3,Aisle 1,200,29.99,Supplier A,504,NULL,In Stock
1625,Widget A,Clothing,Warehouse 3,Aisle 2,300,28.82,Supplier A,505,2023-01-15,In Stock
1287,Gadget X,Electronics,Warehouse 2,Aisle 3,50,49.99,Supplier B,506,2023-01-15,Low Stock
1942,Gadget Z,Furniture,Warehouse 3,Aisle 5,100,29.99,Supplier C,507,NULL,Low Stock
1853,Gadget Z,Clothing,Warehouse 3,Aisle 3,165,9.99,Supplier C,508,2022-12-20,In Stock
1662,Gadget X,Toys,Warehouse 2,Aisle 3,100,29.99,Supplier C,509,NULL,Low Stock
1961,Gadget Y,Toys,Warehouse 3,Aisle 5,166,19.99,Supplier B,510,2023-03-05,In Stock
1638,Widget A,Furniture,Warehouse 3,Aisle 5,300,29.99,Supplier C,511,2023-03-05,In Stock
1154,Widget A,Furniture,Warehouse 3,Aisle 4,300,28.82,Supplier D,512,2023-03-05,In Stock
1489,Gadget Y,Electronics,Warehouse 1,Aisle 4,200,26.51,Supplier D,513,2023-04-25,In Stock
1385,Gadget Z,Furniture,Warehouse 2,Aisle 3,100,49.99,Supplier D,514,2022-12-20,Low Stock
1985,Widget C,Electronics,Warehouse 2,Aisle 3,150,49.99,Supplier D,515,2022-12-20,In Stock
1784,Widget C,Electronics,Warehouse 2,Aisle 1,300,49.99,Supplier A,516,2023-04-25,In Stock
1103,Widget C,Toys,Warehouse 1,Aisle 1,300,9.99,Supplier D,517,2023-01-15,In Stock
1928,Gadget Z,Toys,Warehouse 1,Aisle 4,200,49.99,Supplier C,518,2023-03-05,In Stock
1392,Gadget Z,Clothing,Warehouse 2,Aisle 4,165,9.99,Supplier B,519,2023-03-05,In Stock
1810,Gadget Y,Toys,Warehouse 1,Aisle 1,200,49.99,Supplier C,520,2023-01-15,In Stock
1245,Widget A,Toys,Warehouse 2,Aisle 1,100,9.99,Supplier D,521,NULL,Low Stock
1175,Gadget Y,Furniture,Warehouse 1,Aisle 2,50,29.99,Supplier A,522,NULL,Low Stock
1038,Gadget Y,Toys,Warehouse 3,Aisle 2,50,29.99,Supplier D,523,2022-12-20,Low Stock
1476,Gadget Z,Clothing,Warehouse 3,Aisle 1,165,29.91,Supplier B,524,2023-04-25,In Stock
1681,Widget C,Furniture,Warehouse 2,Aisle 2,300,9.99,Supplier C,525,2022-12-20,In Stock
1758,Widget B,Clothing,Warehouse 1,Aisle 5,161,19.99,Supplier B,526,NULL,In Stock
1537,Widget A,Toys,Warehouse 1,Aisle 4,300,28.82,Supplier B,527,2023-01-15,In Stock
1866,Gadget Z,Clothing,Warehouse 3,Aisle 4,300,29.99,Supplier B,528,2022-12-20,In Stock
1817,Widget C,Furniture,Warehouse 3,Aisle 1,50,9.99,Supplier C,529,2023-03-05,Low Stock
1920,Widget B,Electronics,Warehouse 1,Aisle 3,161,49.99,Supplier D,530,2023-03-05,In Stock
1407,Widget B,Clothing,Warehouse 1,Aisle 1,200,19.99,Supplier B,531,2023-01-15,In Stock
1524,Gadget Z,Clothing,Warehouse 1,Aisle 2,300,29.99,Supplier C,532,NULL,In Stock
1827,Gadget X,Furniture,Warehouse 1,Aisle 3,150,30.08,Supplier A,533,2023-03-05,In Stock
1505,Widget A,Furniture,Warehouse 1,Aisle 2,150,9.99,Supplier C,534,2023-03-05,In Stock
1902,Widget B,Clothing,Warehouse 1,Aisle 5,200,19.99,Supplier A,535,2023-04-25,In Stock
1824,Gadget Z,Toys,Warehouse 2,Aisle 2,150,9.99,Supplier C,536,2022-12-20,In Stock
1035,Gadget Z,Clothing,Warehouse 1,Aisle 5,100,49.99,Supplier D,537,NULL,Low Stock
1684,Widget C,Furniture,Warehouse 3,Aisle 5,300,24.99,Supplier B,538,2022-12-20,In Stock
1019,Gadget X,Electronics,Warehouse 2,Aisle 2,200,9.99,Supplier D,539,NULL,In Stock
1320,Widget A,Electronics,Warehouse 1,Aisle 2,157,29.99,Supplier C,540,2023-03-05,In Stock
1775,Gadget Y,Toys,Warehouse 3,Aisle 5,300,26.51,Supplier B,541,2023-04-25,In Stock
1511,Widget C,Clothing,Warehouse 2,Aisle 3,200,29.99,Supplier A,542,2022-12-20,In Stock
1399,Widget B,Electronics,Warehouse 3,Aisle 5,50,9.99,Supplier C,543,2023-03-05,Low Stock
1653,Widget B,Clothing,Warehouse 1,Aisle 4,161,28.65,Supplier B,544,NULL,In Stock
1971,Widget C,Furniture,Warehouse 1,Aisle 5,50,29.99,Supplier A,545,2022-12-20,Low Stock
1882,Gadget Z,Electronics,Warehouse 1,Aisle 3,300,49.99,Supplier A,546,2022-12-20,In Stock
1470,Widget B,Toys,Warehouse 1,Aisle 4,161,49.99,Supplier D,547,2023-03-05,In Stock
1142,Gadget X,Furniture,Warehouse 2,Aisle 1,150,9.99,Supplier C,548,2022-12-20,In Stock
1091,Widget A,Toys,Warehouse 2,Aisle 1,200,28.82,Supplier A,549,2023-04-25,In Stock
1353,Gadget X,Furniture,Warehouse 3,Aisle 3,300,19.99,Supplier B,550,2023-04-25,In Stock
1833,Widget B,Electronics,Warehouse 1,Aisle 5,100,28.65,Supplier A,551,2023-03-05,Low Stock
1799,Gadget Y,Toys,Warehouse 3,Aisle 2,166,49.99,Supplier A,552,NULL,In Stock
1726,Widget A,Toys,Warehouse 2,Aisle 3,157,29.99,Supplier D,553,2023-03-05,In Stock
1958,Widget A,Furniture,Warehouse 1,Aisle 4,300,19.99,Supplier D,554,2023-04-25,In Stock
1853,Widget C,Toys,Warehouse 1,Aisle 4,300,9.99,Supplier B,555,2023-01-15,In Stock
1050,Widget C,Furniture,Warehouse 2,Aisle 1,50,19.99,Supplier D,556,2023-01-15,Low Stock
1664,Gadget Y,Furniture,Warehouse 2,Aisle 4,150,9.99,Supplier A,557,2022-12-20,In Stock
1697,Gadget Z,Furniture,Warehouse 2,Aisle 3,50,19.99,Supplier A,558,2022-12-20,Low Stock
1574,Widget A,Furniture,Warehouse 2,Aisle 4,50,9.99,Supplier D,559,2023-01-15,Low Stock
1189,Gadget Y,Electronics,Warehouse 2,Aisle 3,150,9.99,Supplier A,560,2023-04-25,In Stock
1124,Widget C,Furniture,Warehouse 1,Aisle 2,100,19.99,Supplier A,561,2022-12-20,Low Stock
1149,Widget C,Clothing,Warehouse 2,Aisle 1,50,19.99,Supplier B,562,2023-03-05,Low Stock
1313,Widget A,Toys,Warehouse 1,Aisle 4,50,9.99,Supplier D,563,2023-03-05,Low Stock
1569,Gadget X,Clothing,Warehouse 1,Aisle 3,150,49.99,Supplier A,564,2023-04-25,In Stock
1341,Widget B,Electronics,Warehouse 2,Aisle 5,150,19.99,Supplier D,565,2022-12-20,In Stock
1304,Widget C,Clothing,Warehouse 2,Aisle 1,200,24.99,Supplier B,566,2023-03-05,In Stock
1691,Gadget Z,Toys,Warehouse 1,Aisle 2,100,29.99,Supplier D,567,2022-12-20,Low Stock
1681,Gadget Z,Clothing,Warehouse 2,Aisle 3,100,9.99,Supplier A,568,2022-12-20,Low Stock
1837,Widget C,Electronics,Warehouse 2,Aisle 2,150,9.99,Supplier D,569,2023-03-05,In Stock
1782,Gadget X,Furniture,Warehouse 2,Aisle 2,300,29.99,Supplier A,570,2023-01-15,In Stock
1053,Gadget X,Clothing,Warehouse 3,Aisle 4,300,49.99,Supplier A,571,2023-03-05,In Stock
1443,Gadget Y,Electronics,Warehouse 1,Aisle 4,166,29.99,Supplier A,572,2023-04-25,In Stock
1612,Gadget Z,Electronics,Warehouse 3,Aisle 3,165,19.99,Supplier B,573,NULL,In Stock
1992,Gadget Y,Toys,Warehouse 2,Aisle 5,150,29.99,Supplier D,574,2023-03-05,In Stock
1263,Gadget Z,Toys,Warehouse 3,Aisle 3,165,9.99,Supplier B,575,2022-12-20,In Stock
1052,Widget B,Clothing,Warehouse 2,Aisle 5,100,29.99,Supplier D,576,2022-12-20,Low Stock
1571,Widget B,Furniture,Warehouse 3,Aisle 2,100,28.65,Supplier B,577,2023-03-05,Low Stock
1619,Widget A,Electronics,Warehouse 2,Aisle 1,200,19.99,Supplier C,578,NULL,In Stock
1004,Gadget Y,Clothing,Warehouse 3,Aisle 3,300,29.99,Supplier A,579,2023-03-05,In Stock
1102,Widget C,Electronics,Warehouse 3,Aisle 3,150,9.99,Supplier A,580,NULL,In Stock
1195,Gadget Y,Electronics,Warehouse 3,Aisle 5,50,19.99,Supplier B,581,NULL,Low Stock
1773,Widget C,Furniture,Warehouse 1,Aisle 2,300,9.99,Supplier C,582,2023-04-25,In Stock
1876,Gadget X,Furniture,Warehouse 3,Aisle 2,50,49.99,Supplier A,583,2022-12-20,Low Stock
1991,Gadget Y,Clothing,Warehouse 1,Aisle 5,200,26.51,Supplier D,584,2022-12-20,In Stock
1883,Gadget X,Furniture,Warehouse 2,Aisle 2,200,49.99,Supplier B,585,NULL,In Stock
1349,Widget B,Furniture,Warehouse 3,Aisle 4,161,28.65,Supplier A,586,2022-12-20,In Stock
1046,Widget B,Clothing,Warehouse 2,Aisle 1,200,29.99,Supplier A,587,2023-01-15,In Stock
1866,Widget A,Furniture,Warehouse 2,Aisle 3,200,19.99,Supplier B,588,NULL,In Stock
1822,Gadget Y,Toys,Warehouse 3,Aisle 1,50,29.99,Supplier B,589,2022-12-20,Low Stock
1935,Gadget X,Electronics,Warehouse 1,Aisle 3,150,30.08,Supplier D,590,2023-01-15,In Stock
1819,Widget C,Electronics,Warehouse 3,Aisle 4,200,24.99,Supplier D,591,2023-04-25,In Stock
1655,Widget B,Electronics,Warehouse 2,Aisle 2,300,28.65,Supplier A,592,2022-12-20,In Stock
1268,Widget B,Electronics,Warehouse 2,Aisle 5,200,9.99,Supplier A,593,2023-01-15,In Stock
1369,Widget C,Clothing,Warehouse 3,Aisle 4,164,19.99,Supplier B,594,2023-03-05,In Stock
1635,Gadget X,Electronics,Warehouse 1,Aisle 1,150,29.99,Supplier A,595,2023-03-05,In Stock
1105,Gadget X,Electronics,Warehouse 1,Aisle 5,150,29.99,Supplier A,596,2023-01-15,In Stock
1669,Gadget Y,Electronics,Warehouse 2,Aisle 2,50,49.99,Supplier B,597,NULL,Low Stock
1658,Gadget Y,Electronics,Warehouse 2,Aisle 4,150,26.51,Supplier A,598,NULL,In Stock
1656,Gadget Z,Toys,Warehouse 1,Aisle 5,300,29.91,Supplier A,599,2022-12-20,In Stock
1119,Gadget Z,Electronics,Warehouse 3,Aisle 4,100,29.91,Supplier C,600,2023-03-05,Low Stock
1830,Widget A,Toys,Warehouse 2,Aisle 4,157,29.99,Supplier D,601,NULL,In Stock
1786,Widget B,Clothing,Warehouse 1,Aisle 2,50,49.99,Supplier B,602,NULL,Low Stock
1603,Gadget Y,Furniture,Warehouse 2,Aisle 3,300,9.99,Supplier C,603,2023-03-05,In Stock
1057,Gadget X,Electronics,Warehouse 3,Aisle 5,150,19.99,Supplier D,604,2023-04-25,In Stock
1950,Widget C,Furniture,Warehouse 1,Aisle 2,300,9.99,Supplier D,605,NULL,In Stock
1345,Gadget X,Furniture,Warehouse 2,Aisle 4,150,29.99,Supplier D,606,2023-01-15,In Stock
1740,Widget B,Clothing,Warehouse 3,Aisle 2,200,28.65,Supplier C,607,2022-12-20,In Stock
1473,Gadget Z,Furniture,Warehouse 2,Aisle 3,165,19.99,Supplier C,608,NULL,In Stock
1116,Gadget X,Toys,Warehouse 3,Aisle 5,100,29.99,Supplier D,609,NULL,Low Stock
1829,Widget A,Furniture,Warehouse 3,Aisle 3,157,29.99,Supplier A,610,2023-04-25,In Stock
1790,Widget B,Furniture,Warehouse 1,Aisle 1,150,29.99,Supplier A,611,2023-01-15,In Stock
1126,Gadget Z,Furniture,Warehouse 3,Aisle 5,150,19.99,Supplier C,612,2022-12-20,In Stock
1392,Widget C,Electronics,Warehouse 2,Aisle 3,164,19.99,Supplier C,613,NULL,In Stock
1907,Gadget Z,Electronics,Warehouse 3,Aisle 4,150,49.99,Supplier C,614,2022-12-20,In Stock
1640,Widget A,Toys,Warehouse 3,Aisle 5,200,49.99,Supplier D,615,2023-03-05,In Stock
1057,Widget B,Toys,Warehouse 1,Aisle 5,300,9.99,Supplier A,616,NULL,In Stock
1633,Widget C,Electronics,Warehouse 3,Aisle 2,164,19.99,Supplier C,617,NULL,In Stock
1512,Widget A,Toys,Warehouse 3,Aisle 4,200,19.99,Supplier C,618,2023-03-05,In Stock
1750,Gadget Z,Electronics,Warehouse 2,Aisle 1,300,19.99,Supplier B,619,2023-04-25,In Stock
1801,Widget A,Clothing,Warehouse 1,Aisle 3,300,49.99,Supplier D,620,NULL,In Stock
1095,Widget B,Furniture,Warehouse 1,Aisle 2,200,29.99,Supplier B,621,2022-12-20,In Stock
1637,Gadget Y,Furniture,Warehouse 1,Aisle 3,50,26.51,Supplier A,622,2023-01-15,Low Stock
1117,Widget A,Toys,Warehouse 3,Aisle 1,157,49.99,Supplier B,623,2022-12-20,In Stock
1559,Widget A,Electronics,Warehouse 1,Aisle 1,300,19.99,Supplier B,624,2023-04-25,In Stock
1600,Gadget Z,Electronics,Warehouse 3,Aisle 5,300,49.99,Supplier B,625,2023-01-15,In Stock
1487,Gadget Z,Toys,Warehouse 3,Aisle 1,150,9.99,Supplier D,626,2022-12-20,In Stock
1236,Widget C,Electronics,Warehouse 2,Aisle 3,300,19.99,Supplier A,627,2022-12-20,In Stock
1884,Gadget Z,Clothing,Warehouse 2,Aisle 4,200,9.99,Supplier B,628,2023-03-05,In Stock
1896,Gadget X,Furniture,Warehouse 2,Aisle 4,300,19.99,Supplier D,629,2023-04-25,In Stock
1271,Widget B,Toys,Warehouse 2,Aisle 5,50,49.99,Supplier A,630,2023-03-05,Low Stock
1188,Widget B,Toys,Warehouse 2,Aisle 3,161,29.99,Supplier C,631,2023-01-15,In Stock
1998,Gadget Y,Electronics,Warehouse 3,Aisle 3,166,26.51,Supplier B,632,2023-03-05,In Stock
1703,Gadget Y,Toys,Warehouse 3,Aisle 1,300,9.99,Supplier A,633,2023-04-25,In Stock
1446,Widget B,Clothing,Warehouse 1,Aisle 3,100,49.99,Supplier B,634,NULL,Low Stock
1580,Gadget Y,Electronics,Warehouse 3,Aisle 2,100,29.99,Supplier C,635,NULL,Low Stock
1789,Widget C,Electronics,Warehouse 3,Aisle 1,200,49.99,Supplier A,636,2023-01-15,In Stock
1860,Gadget Z,Electronics,Warehouse 2,Aisle 2,100,9.99,Supplier D,637,NULL,Low Stock
1246,Widget B,Electronics,Warehouse 3,Aisle 5,200,28.65,Supplier A,638,2023-03-05,In Stock
1962,Gadget Y,Clothing,Warehouse 2,Aisle 4,150,49.99,Supplier D,639,2023-01-15,In Stock
1075,Widget B,Electronics,Warehouse 1,Aisle 5,200,19.99,Supplier A,640,2023-04-25,In Stock
1153,Gadget X,Toys,Warehouse 1,Aisle 4,100,29.99,Supplier D,641,2023-01-15,Low Stock
1655,Widget A,Clothing,Warehouse 3,Aisle 5,300,49.99,Supplier C,642,2023-01-15,In Stock
1434,Gadget Z,Furniture,Warehouse 1,Aisle 3,150,29.99,Supplier C,643,2022-12-20,In Stock
1996,Widget B,Furniture,Warehouse 3,Aisle 2,100,19.99,Supplier C,644,2022-12-20,Low Stock
1085,Widget A,Toys,Warehouse 1,Aisle 4,200,28.82,Supplier A,645,2023-01-15,In Stock
1696,Gadget Y,Toys,Warehouse 2,Aisle 1,50,26.51,Supplier C,646,NULL,Low Stock
1284,Widget A,Clothing,Warehouse 2,Aisle 2,157,19.99,Supplier B,647,2022-12-20,In Stock
1973,Gadget Z,Furniture,Warehouse 2,Aisle 1,100,29.99,Supplier C,648,2023-04-25,Low Stock
1219,Widget B,Furniture,Warehouse 2,Aisle 2,200,49.99,Supplier D,649,2023-03-05,In Stock
1068,Gadget X,Furniture,Warehouse 3,Aisle 2,150,19.99,Supplier D,650,2022-12-20,In Stock
1046,Gadget Y,Furniture,Warehouse 1,Aisle 5,100,9.99,Supplier D,651,2023-01-15,Low Stock
1093,Widget B,Furniture,Warehouse 3,Aisle 4,100,29.99,Supplier A,652,NULL,Low Stock
1749,Gadget Z,Electronics,Warehouse 2,Aisle 4,165,29.91,Supplier B,653,2023-03-05,In Stock
1957,Gadget Y,Toys,Warehouse 3,Aisle 2,200,19.99,Supplier C,654,2022-12-20,In Stock
1452,Widget C,Electronics,Warehouse 1,Aisle 3,50,24.99,Supplier B,655,NULL,Low Stock
1203,Widget A,Furniture,Warehouse 3,Aisle 3,150,29.99,Supplier B,656,NULL,In Stock
1911,Gadget Z,Clothing,Warehouse 1,Aisle 1,200,29.91,Supplier D,657,NULL,In Stock
1217,Widget C,Clothing,Warehouse 3,Aisle 1,150,19.99,Supplier D,658,2023-01-15,In Stock
1473,Widget B,Furniture,Warehouse 1,Aisle 5,100,29.99,Supplier D,659,2023-04-25,Low Stock
1431,Gadget X,Furniture,Warehouse 1,Aisle 2,150,9.99,Supplier A,660,NULL,In Stock
1340,Gadget Y,Clothing,Warehouse 2,Aisle 1,166,19.99,Supplier B,661,2023-03-05,In Stock
1550,Widget A,Electronics,Warehouse 1,Aisle 1,300,49.99,Supplier B,662,2022-12-20,In Stock
1611,Gadget Y,Electronics,Warehouse 2,Aisle 2,50,19.99,Supplier A,663,2023-03-05,Low Stock
1288,Widget B,Furniture,Warehouse 2,Aisle 5,161,29.99,Supplier A,664,2023-01-15,In Stock
1253,Gadget Y,Electronics,Warehouse 2,Aisle 1,100,19.99,Supplier A,665,2023-01-15,Low Stock
1733,Widget A,Clothing,Warehouse 3,Aisle 5,50,9.99,Supplier B,666,2023-03-05,Low Stock
1356,Widget B,Electronics,Warehouse 3,Aisle 4,200,9.99,Supplier B,667,2023-04-25,In Stock
1022,Gadget Y,Furniture,Warehouse 3,Aisle 5,166,49.99,Supplier D,668,2023-01-15,In Stock
1761,Gadget X,Clothing,Warehouse 3,Aisle 3,50,30.08,Supplier D,669,2023-01-15,Low Stock
1521,Gadget Z,Electronics,Warehouse 1,Aisle 3,100,29.99,Supplier B,670,2023-03-05,Low Stock
1757,Widget B,Toys,Warehouse 1,Aisle 5,300,29.99,Supplier D,671,2023-01-15,In Stock
1836,Gadget Z,Clothing,Warehouse 3,Aisle 3,150,29.91,Supplier A,672,2023-04-25,In Stock
1099,Widget B,Clothing,Warehouse 1,Aisle 4,150,9.99,Supplier C,673,2023-04-25,In Stock
1801,Gadget X,Toys,Warehouse 1,Aisle 2,100,9.99,Supplier D,674,2023-04-25,Low Stock
1179,Gadget Z,Toys,Warehouse 2,Aisle 3,100,19.99,Supplier B,675,2022-12-20,Low Stock
1222,Widget C,Clothing,Warehouse 2,Aisle 3,150,49.99,Supplier D,676,2023-04-25,In Stock
1905,Widget A,Toys,Warehouse 2,Aisle 5,300,49.99,Supplier D,677,2023-04-25,In Stock
1761,Widget C,Furniture,Warehouse 2,Aisle 4,50,49.99,Supplier D,678,2022-12-20,Low Stock
1658,Gadget Y,Furniture,Warehouse 1,Aisle 2,150,19.99,Supplier C,679,NULL,In Stock
1441,Gadget X,Furniture,Warehouse 3,Aisle 5,100,49.99,Supplier A,680,2023-01-15,Low Stock
1607,Widget C,Clothing,Warehouse 1,Aisle 5,164,24.99,Supplier B,681,2023-04-25,In Stock
1768,Widget B,Toys,Warehouse 1,Aisle 4,200,19.99,Supplier C,682,2023-01-15,In Stock
1324,Gadget Y,Toys,Warehouse 1,Aisle 2,300,26.51,Supplier B,683,2023-03-05,In Stock
1515,Gadget Y,Electronics,Warehouse 2,Aisle 4,300,19.99,Supplier B,684,2023-01-15,In Stock
1015,Widget C,Electronics,Warehouse 2,Aisle 2,164,49.99,Supplier B,685,2022-12-20,In Stock
1791,Widget C,Toys,Warehouse 2,Aisle 4,164,24.99,Supplier C,686,2023-01-15,In Stock
1335,Gadget X,Toys,Warehouse 3,Aisle 5,100,30.08,Supplier A,687,2023-01-15,Low Stock
1758,Widget A,Toys,Warehouse 1,Aisle 5,150,28.82,Supplier B,688,2023-01-15,In Stock
1257,Widget C,Clothing,Warehouse 3,Aisle 1,50,19.99,Supplier A,689,NULL,Low Stock
1496,Widget C,Toys,Warehouse 2,Aisle 3,300,29.99,Supplier A,690,NULL,In Stock
1987,Gadget Z,Electronics,Warehouse 3,Aisle 4,300,49.99,Supplier D,691,2023-03-05,In Stock
1895,Widget B,Clothing,Warehouse 1,Aisle 1,161,28.65,Supplier C,692,2022-12-20,In Stock
1159,Gadget Z,Toys,Warehouse 1,Aisle 3,150,29.99,Supplier C,693,2023-01-15,In Stock
1474,Gadget Z,Electronics,Warehouse 2,Aisle 4,300,49.99,Supplier D,694,2023-01-15,In Stock
1851,Gadget Y,Clothing,Warehouse 2,Aisle 2,50,49.99,Supplier D,695,2023-01-15,Low Stock
1663,Widget A,Toys,Warehouse 3,Aisle 3,157,28.82,Supplier A,696,2023-01-15,In Stock
1907,Widget B,Toys,Warehouse 2,Aisle 5,50,28.65,Supplier B,697,NULL,Low Stock
1689,Gadget X,Toys,Warehouse 2,Aisle 1,150,19.99,Supplier C,698,2023-03-05,In Stock
1674,Gadget X,Clothing,Warehouse 1,Aisle 3,300,29.99,Supplier B,699,2023-04-25,In Stock
1379,Widget C,Electronics,Warehouse 2,Aisle 3,200,29.99,Supplier B,700,2022-12-20,In Stock
1544,Widget C,Electronics,Warehouse 2,Aisle 5,300,24.99,Supplier D,701,2023-01-15,In Stock
1928,Gadget X,Furniture,Warehouse 1,Aisle 4,150,49.99,Supplier B,702,2023-03-05,In Stock
1956,Widget C,Toys,Warehouse 1,Aisle 2,300,24.99,Supplier A,703,2023-04-25,In Stock
1690,Widget A,Furniture,Warehouse 3,Aisle 5,300,49.99,Supplier D,704,2023-03-05,In Stock
1426,Gadget Z,Furniture,Warehouse 2,Aisle 2,100,49.99,Supplier B,705,NULL,Low Stock
1612,Widget C,Electronics,Warehouse 1,Aisle 4,300,24.99,Supplier D,706,2023-04-25,In Stock
1267,Gadget Y,Clothing,Warehouse 3,Aisle 3,300,9.99,Supplier A,707,2023-03-05,In Stock
1834,Widget C,Clothing,Warehouse 3,Aisle 2,50,29.99,Supplier A,708,NULL,Low Stock
1576,Widget B,Electronics,Warehouse 2,Aisle 1,200,49.99,Supplier B,709,2023-03-05,In Stock
1416,Widget A,Clothing,Warehouse 2,Aisle 1,50,49.99,Supplier D,710,2023-03-05,Low Stock
1167,Widget B,Furniture,Warehouse 3,Aisle 5,50,9.99,Supplier B,711,2023-04-25,Low Stock
1841,Widget B,Toys,Warehouse 1,Aisle 4,161,19.99,Supplier B,712,NULL,In Stock
1042,Gadget Y,Electronics,Warehouse 3,Aisle 5,100,9.99,Supplier D,713,2023-01-15,Low Stock
1555,Widget A,Toys,Warehouse 2,Aisle 5,50,9.99,Supplier B,714,2022-12-20,Low Stock
1284,Widget A,Clothing,Warehouse 1,Aisle 5,150,49.99,Supplier A,715,2023-04-25,In Stock
1396,Widget A,Toys,Warehouse 1,Aisle 1,150,29.99,Supplier D,716,NULL,In Stock
1011,Widget A,Clothing,Warehouse 3,Aisle 1,300,9.99,Supplier D,717,2023-03-05,In Stock
1606,Widget A,Clothing,Warehouse 2,Aisle 5,157,19.99,Supplier D,718,NULL,In Stock
1301,Gadget Y,Furniture,Warehouse 3,Aisle 1,100,26.51,Supplier D,719,2022-12-20,Low Stock
1897,Widget C,Clothing,Warehouse 3,Aisle 4,100,9.99,Supplier B,720,2022-12-20,Low Stock
1252,Widget B,Furniture,Warehouse 3,Aisle 5,300,9.99,Supplier B,721,2023-01-15,In Stock
1498,Widget A,Furniture,Warehouse 1,Aisle 1,150,19.99,Supplier A,722,2023-01-15,In Stock
1753,Widget C,Furniture,Warehouse 1,Aisle 2,200,29.99,Supplier C,723,2022-12-20,In Stock
1034,Widget C,Electronics,Warehouse 2,Aisle 5,164,9.99,Supplier C,724,2023-04-25,In Stock
1726,Widget B,Electronics,Warehouse 2,Aisle 5,300,9.99,Supplier A,725,2023-04-25,In Stock
1848,Gadget Y,Clothing,Warehouse 3,Aisle 4,166,29.99,Supplier C,726,2023-03-05,In Stock
1089,Gadget X,Furniture,Warehouse 3,Aisle 3,150,19.99,Supplier A,727,2023-01-15,In Stock
1775,Gadget X,Electronics,Warehouse 3,Aisle 3,150,9.99,Supplier B,728,2023-03-05,In Stock
1604,Widget C,Furniture,Warehouse 2,Aisle 4,200,29.99,Supplier D,729,2023-01-15,In Stock
1921,Gadget Z,Toys,Warehouse 1,Aisle 4,200,9.99,Supplier D,730,2022-12-20,In Stock
1969,Gadget Z,Toys,Warehouse 1,Aisle 4,100,29.91,Supplier B,731,2023-04-25,Low Stock
1601,Widget B,Toys,Warehouse 3,Aisle 3,161,49.99,Supplier D,732,2023-04-25,In Stock
1417,Gadget X,Clothing,Warehouse 3,Aisle 4,150,30.08,Supplier D,733,2022-12-20,In Stock
1114,Widget C,Furniture,Warehouse 3,Aisle 1,150,9.99,Supplier C,734,2023-03-05,In Stock
1616,Gadget Y,Toys,Warehouse 3,Aisle 5,100,19.99,Supplier B,735,2023-03-05,Low Stock
1902,Gadget X,Electronics,Warehouse 2,Aisle 5,300,49.99,Supplier C,736,NULL,In Stock
1195,Widget C,Toys,Warehouse 1,Aisle 2,164,24.99,Supplier C,737,2023-01-15,In Stock
1825,Widget C,Toys,Warehouse 3,Aisle 2,100,29.99,Supplier D,738,2023-03-05,Low Stock
1500,Widget A,Toys,Warehouse 2,Aisle 5,100,19.99,Supplier D,739,2022-12-20,Low Stock
1625,Gadget Y,Clothing,Warehouse 3,Aisle 1,150,26.51,Supplier B,740,2023-03-05,In Stock
1492,Widget A,Electronics,Warehouse 3,Aisle 3,100,29.99,Supplier D,741,2023-04-25,Low Stock
1074,Widget B,Furniture,Warehouse 1,Aisle 3,200,9.99,Supplier D,742,2023-01-15,In Stock
1412,Widget A,Electronics,Warehouse 3,Aisle 1,200,29.99,Supplier B,743,NULL,In Stock
1375,Widget A,Furniture,Warehouse 1,Aisle 3,50,28.82,Supplier D,744,2023-01-15,Low Stock
1419,Gadget X,Clothing,Warehouse 1,Aisle 4,150,30.08,Supplier C,745,2023-04-25,In Stock
1728,Gadget Z,Clothing,Warehouse 1,Aisle 5,300,9.99,Supplier B,746,2023-04-25,In Stock
1276,Widget C,Clothing,Warehouse 2,Aisle 5,50,29.99,Supplier D,747,2023-04-25,Low Stock
1760,Gadget Y,Clothing,Warehouse 2,Aisle 1,200,29.99,Supplier A,748,2023-04-25,In Stock
1675,Widget A,Furniture,Warehouse 1,Aisle 3,50,9.99,Supplier B,749,2022-12-20,Low Stock
1393,Gadget Y,Toys,Warehouse 3,Aisle 2,150,29.99,Supplier B,750,NULL,In Stock
1868,Gadget Z,Furniture,Warehouse 1,Aisle 2,150,9.99,Supplier A,751,2023-04-25,In Stock
1456,Gadget Z,Electronics,Warehouse 3,Aisle 3,100,19.99,Supplier D,752,2023-04-25,Low Stock
1919,Widget A,Clothing,Warehouse 1,Aisle 2,157,28.82,Supplier D,753,2023-03-05,In Stock
1191,Widget B,Clothing,Warehouse 3,Aisle 1,100,19.99,Supplier B,754,NULL,Low Stock
1738,Widget A,Electronics,Warehouse 2,Aisle 1,150,49.99,Supplier B,755,2023-01-15,In Stock
1688,Gadget X,Furniture,Warehouse 3,Aisle 3,200,49.99,Supplier D,756,NULL,In Stock
1098,Widget C,Toys,Warehouse 1,Aisle 2,300,49.99,Supplier D,757,NULL,In Stock
1547,Widget B,Toys,Warehouse 2,Aisle 1,200,9.99,Supplier C,758,NULL,In Stock
1977,Widget A,Electronics,Warehouse 3,Aisle 1,100,29.99,Supplier B,759,2023-04-25,Low Stock
1998,Gadget Y,Toys,Warehouse 3,Aisle 4,300,19.99,Supplier B,760,2023-04-25,In Stock
1095,Widget B,Furniture,Warehouse 3,Aisle 4,150,19.99,Supplier A,761,2022-12-20,In Stock
1663,Widget B,Furniture,Warehouse 3,Aisle 1,200,19.99,Supplier C,762,2023-01-15,In Stock
1662,Widget A,Electronics,Warehouse 3,Aisle 3,150,19.99,Supplier D,763,2023-03-05,In Stock
1189,Widget B,Furniture,Warehouse 2,Aisle 5,300,49.99,Supplier C,764,NULL,In Stock
1735,Gadget Y,Clothing,Warehouse 2,Aisle 5,300,19.99,Supplier D,765,2023-01-15,In Stock
1036,Gadget Z,Electronics,Warehouse 2,Aisle 1,200,29.99,Supplier D,766,2023-01-15,In Stock
1779,Widget B,Furniture,Warehouse 2,Aisle 1,150,49.99,Supplier C,767,2022-12-20,In Stock
1368,Gadget Z,Electronics,Warehouse 1,Aisle 1,50,19.99,Supplier B,768,2023-03-05,Low Stock
1694,Gadget Y,Toys,Warehouse 2,Aisle 3,150,9.99,Supplier D,769,NULL,In Stock
1524,Widget A,Furniture,Warehouse 3,Aisle 4,300,28.82,Supplier C,770,2023-03-05,In Stock
1278,Widget C,Clothing,Warehouse 3,Aisle 1,150,24.99,Supplier A,771,2022-12-20,In Stock
1216,Widget B,Furniture,Warehouse 2,Aisle 1,100,28.65,Supplier C,772,2023-04-25,Low Stock
1866,Widget C,Electronics,Warehouse 3,Aisle 2,50,49.99,Supplier A,773,2023-01-15,Low Stock
1872,Gadget Y,Electronics,Warehouse 2,Aisle 3,166,19.99,Supplier D,774,NULL,In Stock
1797,Widget B,Furniture,Warehouse 3,Aisle 1,100,49.99,Supplier C,775,2023-04-25,Low Stock
1272,Gadget Z,Clothing,Warehouse 1,Aisle 2,165,29.99,Supplier C,776,2022-12-20,In Stock
1880,Gadget X,Clothing,Warehouse 1,Aisle 5,200,9.99,Supplier A,777,2023-03-05,In Stock
1061,Widget C,Clothing,Warehouse 2,Aisle 1,164,9.99,Supplier C,778,2023-01-15,In Stock
1595,Widget B,Electronics,Warehouse 2,Aisle 1,150,28.65,Supplier C,779,NULL,In Stock
1879,Widget C,Furniture,Warehouse 2,Aisle 2,164,24.99,Supplier D,780,2023-04-25,In Stock
1728,Widget B,Toys,Warehouse 3,Aisle 3,300,28.65,Supplier C,781,2023-04-25,In Stock
1341,Widget A,Electronics,Warehouse 2,Aisle 1,100,19.99,Supplier B,782,2023-01-15,Low Stock
1396,Gadget Z,Clothing,Warehouse 1,Aisle 5,100,29.99,Supplier A,783,2023-03-05,Low Stock
1698,Widget C,Furniture,Warehouse 3,Aisle 1,164,29.99,Supplier C,784,2022-12-20,In Stock
1018,Gadget X,Clothing,Warehouse 2,Aisle 5,100,29.99,Supplier A,785,2023-03-05,Low Stock
1176,Gadget X,Toys,Warehouse 3,Aisle 4,300,29.99,Supplier A,786,2023-03-05,In Stock
1611,Gadget Y,Clothing,Warehouse 3,Aisle 4,100,26.51,Supplier A,787,2023-03-05,Low Stock
1395,Widget B,Clothing,Warehouse 2,Aisle 5,161,9.99,Supplier C,788,2023-01-15,In Stock
1444,Widget C,Toys,Warehouse 3,Aisle 3,50,24.99,Supplier C,789,2023-01-15,Low Stock
1232,Gadget Y,Furniture,Warehouse 1,Aisle 1,50,29.99,Supplier A,790,2022-12-20,Low Stock
1914,Widget C,Electronics,Warehouse 1,Aisle 1,200,24.99,Supplier B,791,2023-03-05,In Stock
1075,Widget B,Furniture,Warehouse 3,Aisle 4,100,29.99,Supplier A,792,2023-01-15,Low Stock
1264,Gadget X,Toys,Warehouse 2,Aisle 5,150,49.99,Supplier B,793,2022-12-20,In Stock
1454,Widget A,Clothing,Warehouse 3,Aisle 1,100,9.99,Supplier A,794,2022-12-20,Low Stock
1795,Gadget X,Furniture,Warehouse 1,Aisle 1,150,49.99,Supplier D,795,2023-03-05,In Stock
1717,Gadget Y,Electronics,Warehouse 3,Aisle 3,300,19.99,Supplier A,796,NULL,In Stock
1734,Gadget Z,Toys,Warehouse 3,Aisle 2,100,29.91,Supplier A,797,2023-03-05,Low Stock
1383,Widget A,Furniture,Warehouse 1,Aisle 4,100,19.99,Supplier C,798,NULL,Low Stock
1563,Gadget Y,Electronics,Warehouse 3,Aisle 4,50,26.51,Supplier B,799,2022-12-20,Low Stock
1850,Widget B,Toys,Warehouse 3,Aisle 2,300,49.99,Supplier D,800,2023-01-15,In Stock
1505,Widget A,Electronics,Warehouse 2,Aisle 1,157,29.99,Supplier B,801,2023-04-25,In Stock
1366,Gadget Y,Toys,Warehouse 2,Aisle 3,100,29.99,Supplier D,802,2022-12-20,Low Stock
1143,Widget B,Clothing,Warehouse 1,Aisle 3,50,28.65,Supplier A,803,2023-01-15,Low Stock
1884,Gadget X,Furniture,Warehouse 1,Aisle 4,200,29.99,Supplier C,804,2022-12-20,In Stock
1068,Gadget Z,Electronics,Warehouse 1,Aisle 3,300,49.99,Supplier C,805,2023-03-05,In Stock
1098,Widget B,Toys,Warehouse 2,Aisle 2,50,29.99,Supplier B,806,NULL,Low Stock
1395,Widget C,Electronics,Warehouse 1,Aisle 1,50,49.99,Supplier C,807,2022-12-20,Low Stock
1024,Widget B,Electronics,Warehouse 1,Aisle 2,50,19.99,Supplier B,808,2023-01-15,Low Stock
1947,Widget B,Furniture,Warehouse 1,Aisle 5,100,49.99,Supplier B,809,2023-03-05,Low Stock
1890,Gadget Z,Clothing,Warehouse 2,Aisle 4,100,9.99,Supplier D,810,2023-04-25,Low Stock
1468,Widget C,Electronics,Warehouse 3,Aisle 3,200,9.99,Supplier B,811,2023-03-05,In Stock
1483,Gadget Y,Toys,Warehouse 1,Aisle 5,150,9.99,Supplier D,812,NULL,In Stock
1564,Gadget Y,Toys,Warehouse 3,Aisle 3,150,26.51,Supplier C,813,2023-03-05,In Stock
1150,Widget B,Clothing,Warehouse 1,Aisle 1,150,28.65,Supplier B,814,2023-04-25,In Stock
1143,Widget C,Toys,Warehouse 3,Aisle 1,300,24.99,Supplier B,815,2023-01-15,In Stock
1568,Widget C,Clothing,Warehouse 2,Aisle 1,300,49.99,Supplier A,816,2022-12-20,In Stock
1038,Gadget Z,Toys,Warehouse 2,Aisle 3,200,29.91,Supplier B,817,NULL,In Stock
1108,Gadget X,Furniture,Warehouse 1,Aisle 5,300,19.99,Supplier B,818,2023-04-25,In Stock
1692,Gadget Y,Electronics,Warehouse 3,Aisle 1,150,9.99,Supplier A,819,NULL,In Stock
1041,Gadget Z,Furniture,Warehouse 2,Aisle 5,150,49.99,Supplier A,820,2023-03-05,In Stock
1185,Widget A,Electronics,Warehouse 1,Aisle 3,50,9.99,Supplier C,821,NULL,Low Stock
1934,Gadget Y,Electronics,Warehouse 1,Aisle 5,300,26.51,Supplier B,822,2023-04-25,In Stock
1397,Gadget Z,Electronics,Warehouse 2,Aisle 3,100,49.99,Supplier C,823,2022-12-20,Low Stock
1222,Gadget Y,Furniture,Warehouse 2,Aisle 3,100,29.99,Supplier C,824,2022-12-20,Low Stock
1633,Gadget X,Electronics,Warehouse 1,Aisle 4,50,19.99,Supplier A,825,NULL,Low Stock
1132,Widget A,Furniture,Warehouse 3,Aisle 3,50,28.82,Supplier D,826,2023-01-15,Low Stock
1162,Gadget X,Clothing,Warehouse 3,Aisle 3,50,30.08,Supplier C,827,NULL,Low Stock
1214,Widget A,Toys,Warehouse 3,Aisle 2,100,19.99,Supplier D,828,2023-03-05,Low Stock
1732,Widget B,Toys,Warehouse 1,Aisle 1,150,19.99,Supplier B,829,2022-12-20,In Stock
1234,Gadget Z,Electronics,Warehouse 2,Aisle 4,50,29.99,Supplier A,830,2022-12-20,Low Stock
1842,Widget A,Furniture,Warehouse 1,Aisle 4,200,28.82,Supplier B,831,2022-12-20,In Stock
1657,Gadget X,Toys,Warehouse 2,Aisle 4,50,30.08,Supplier B,832,2023-01-15,Low Stock
1750,Gadget Y,Furniture,Warehouse 3,Aisle 2,166,9.99,Supplier A,833,2023-01-15,In Stock
1587,Widget A,Furniture,Warehouse 3,Aisle 3,50,49.99,Supplier B,834,2023-04-25,Low Stock
1008,Gadget Z,Electronics,Warehouse 2,Aisle 1,100,49.99,Supplier A,835,NULL,Low Stock
1073,Widget A,Toys,Warehouse 2,Aisle 5,300,9.99,Supplier D,836,NULL,In Stock
1953,Widget C,Electronics,Warehouse 1,Aisle 3,50,49.99,Supplier B,837,2023-03-05,Low Stock
1491,Gadget Y,Electronics,Warehouse 3,Aisle 2,300,19.99,Supplier A,838,2022-12-20,In Stock
1912,Gadget Z,Toys,Warehouse 1,Aisle 3,165,49.99,Supplier C,839,2023-01-15,In Stock
1252,Gadget Z,Toys,Warehouse 1,Aisle 3,200,49.99,Supplier B,840,2023-03-05,In Stock
1229,Widget B,Clothing,Warehouse 1,Aisle 2,300,9.99,Supplier D,841,2023-03-05,In Stock
1518,Gadget X,Clothing,Warehouse 3,Aisle 4,150,29.99,Supplier A,842,2023-01-15,In Stock
1173,Widget B,Furniture,Warehouse 1,Aisle 4,50,49.99,Supplier B,843,NULL,Low Stock
1652,Gadget Z,Toys,Warehouse 1,Aisle 1,165,49.99,Supplier B,844,2022-12-20,In Stock
1167,Gadget Y,Clothing,Warehouse 1,Aisle 1,166,29.99,Supplier B,845,NULL,In Stock
1169,Widget A,Furniture,Warehouse 1,Aisle 4,300,9.99,Supplier D,846,2023-03-05,In Stock
1392,Widget A,Furniture,Warehouse 1,Aisle 5,200,29.99,Supplier A,847,2022-12-20,In Stock
1945,Gadget Y,Furniture,Warehouse 1,Aisle 3,100,9.99,Supplier C,848,2023-04-25,Low Stock
1794,Gadget Z,Clothing,Warehouse 3,Aisle 5,50,19.99,Supplier C,849,2023-03-05,Low Stock
1633,Widget A,Toys,Warehouse 1,Aisle 3,157,9.99,Supplier C,850,NULL,In Stock
1193,Widget A,Electronics,Warehouse 2,Aisle 4,200,19.99,Supplier A,851,NULL,In Stock
1516,Widget A,Furniture,Warehouse 1,Aisle 1,150,19.99,Supplier C,852,NULL,In Stock
1028,Gadget X,Clothing,Warehouse 1,Aisle 1,150,9.99,Supplier D,853,2023-01-15,In Stock
1164,Gadget X,Clothing,Warehouse 3,Aisle 5,200,30.08,Supplier A,854,2023-03-05,In Stock
1421,Widget C,Electronics,Warehouse 3,Aisle 1,100,9.99,Supplier B,855,2022-12-20,Low Stock
1338,Widget B,Electronics,Warehouse 2,Aisle 4,100,49.99,Supplier D,856,NULL,Low Stock
1647,Gadget Y,Clothing,Warehouse 2,Aisle 5,166,49.99,Supplier B,857,NULL,In Stock
1495,Gadget Y,Toys,Warehouse 3,Aisle 3,166,26.51,Supplier C,858,2023-01-15,In Stock
1364,Gadget Y,Electronics,Warehouse 3,Aisle 1,300,19.99,Supplier D,859,2022-12-20,In Stock
1832,Widget C,Clothing,Warehouse 1,Aisle 2,50,24.99,Supplier A,860,2023-03-05,Low Stock
1341,Gadget X,Electronics,Warehouse 3,Aisle 1,200,49.99,Supplier D,861,2023-04-25,In Stock
1499,Gadget Z,Toys,Warehouse 2,Aisle 3,165,29.91,Supplier B,862,2023-01-15,In Stock
1656,Gadget Z,Furniture,Warehouse 1,Aisle 5,50,9.99,Supplier A,863,2023-03-05,Low Stock
1510,Widget C,Electronics,Warehouse 2,Aisle 3,300,24.99,Supplier D,864,2023-04-25,In Stock
1326,Gadget Z,Toys,Warehouse 1,Aisle 2,50,19.99,Supplier D,865,NULL,Low Stock
1216,Gadget Y,Clothing,Warehouse 3,Aisle 4,166,9.99,Supplier D,866,NULL,In Stock
1300,Widget B,Electronics,Warehouse 2,Aisle 1,100,29.99,Supplier D,867,2022-12-20,Low Stock
1131,Widget A,Electronics,Warehouse 1,Aisle 5,200,49.99,Supplier A,868,2023-04-25,In Stock
1803,Gadget X,Clothing,Warehouse 1,Aisle 4,200,49.99,Supplier B,869,NULL,In Stock
1069,Gadget X,Furniture,Warehouse 3,Aisle 3,100,30.08,Supplier D,870,NULL,Low Stock
1251,Widget C,Clothing,Warehouse 3,Aisle 5,164,9.99,Supplier A,871,2022-12-20,In Stock
1414,Gadget X,Electronics,Warehouse 3,Aisle 4,200,29.99,Supplier B,872,2023-03-05,In Stock
1786,Gadget Y,Clothing,Warehouse 2,Aisle 5,166,9.99,Supplier D,873,NULL,In Stock
1444,Gadget Z,Toys,Warehouse 1,Aisle 2,300,49.99,Supplier B,874,2023-01-15,In Stock
1875,Gadget Y,Clothing,Warehouse 3,Aisle 2,166,9.99,Supplier B,875,2023-01-15,In Stock
1181,Widget C,Electronics,Warehouse 2,Aisle 1,50,29.99,Supplier A,876,2023-03-05,Low Stock
1166,Gadget Y,Clothing,Warehouse 2,Aisle 1,100,26.51,Supplier B,877,2023-04-25,Low Stock
1090,Gadget Z,Furniture,Warehouse 2,Aisle 2,165,19.99,Supplier A,878,2022-12-20,In Stock
1713,Widget B,Clothing,Warehouse 3,Aisle 5,300,9.99,Supplier D,879,2023-01-15,In Stock
1857,Widget C,Furniture,Warehouse 3,Aisle 2,150,19.99,Supplier B,880,2023-01-15,In Stock
1530,Widget B,Toys,Warehouse 1,Aisle 1,100,49.99,Supplier B,881,2023-03-05,Low Stock
1038,Widget A,Furniture,Warehouse 1,Aisle 2,200,28.82,Supplier C,882,2023-04-25,In Stock
1125,Widget B,Clothing,Warehouse 3,Aisle 2,50,28.65,Supplier D,883,2023-04-25,Low Stock
1450,Widget A,Electronics,Warehouse 2,Aisle 5,200,9.99,Supplier D,884,2023-03-05,In Stock
1172,Widget A,Furniture,Warehouse 2,Aisle 4,300,28.82,Supplier C,885,2023-01-15,In Stock
1652,Widget B,Toys,Warehouse 2,Aisle 1,300,9.99,Supplier C,886,2022-12-20,In Stock
1753,Widget C,Furniture,Warehouse 1,Aisle 5,200,9.99,Supplier A,887,2023-01-15,In Stock
1219,Gadget Z,Furniture,Warehouse 2,Aisle 2,100,19.99,Supplier A,888,2023-04-25,Low Stock
1637,Gadget Y,Furniture,Warehouse 1,Aisle 2,200,26.51,Supplier B,889,2023-01-15,In Stock
1057,Gadget Y,Toys,Warehouse 1,Aisle 4,166,9.99,Supplier B,890,2022-12-20,In Stock
1659,Gadget Z,Clothing,Warehouse 2,Aisle 1,200,19.99,Supplier B,891,NULL,In Stock
1475,Widget A,Furniture,Warehouse 2,Aisle 1,50,29.99,Supplier B,892,2023-01-15,Low Stock
1455,Widget A,Furniture,Warehouse 3,Aisle 3,50,19.99,Supplier A,893,2023-03-05,Low Stock
1828,Widget C,Electronics,Warehouse 3,Aisle 1,150,19.99,Supplier D,894,NULL,In Stock
1894,Gadget X,Toys,Warehouse 2,Aisle 4,50,9.99,Supplier B,895,2023-03-05,Low Stock
1360,Widget B,Furniture,Warehouse 1,Aisle 3,200,49.99,Supplier D,896,2023-03-05,In Stock
1934,Widget A,Toys,Warehouse 1,Aisle 3,50,49.99,Supplier B,897,2023-03-05,Low Stock
1000,Gadget Y,Furniture,Warehouse 1,Aisle 2,100,49.99,Supplier C,898,2023-01-15,Low Stock
1386,Widget C,Clothing,Warehouse 1,Aisle 2,50,19.99,Supplier B,899,2023-04-25,Low Stock
1972,Widget B,Clothing,Warehouse 1,Aisle 1,161,9.99,Supplier B,900,NULL,In Stock
1347,Widget C,Furniture,Warehouse 3,Aisle 3,100,24.99,Supplier B,901,2022-12-20,Low Stock
1189,Widget B,Clothing,Warehouse 2,Aisle 2,150,19.99,Supplier A,902,2023-04-25,In Stock
1504,Widget B,Furniture,Warehouse 3,Aisle 4,161,19.99,Supplier C,903,2023-01-15,In Stock
1190,Gadget Z,Clothing,Warehouse 1,Aisle 2,200,9.99,Supplier B,904,2023-03-05,In Stock
1507,Widget A,Electronics,Warehouse 1,Aisle 2,200,29.99,Supplier B,905,2022-12-20,In Stock
1368,Widget C,Electronics,Warehouse 1,Aisle 3,200,19.99,Supplier D,906,NULL,In Stock
1408,Widget C,Electronics,Warehouse 1,Aisle 3,164,29.99,Supplier C,907,2023-04-25,In Stock
1823,Gadget Z,Toys,Warehouse 2,Aisle 5,165,29.99,Supplier B,908,2023-04-25,In Stock
1928,Gadget Y,Toys,Warehouse 1,Aisle 4,166,49.99,Supplier D,909,2022-12-20,In Stock
1933,Gadget Y,Electronics,Warehouse 2,Aisle 3,100,9.99,Supplier D,910,2023-01-15,Low Stock
1116,Widget A,Toys,Warehouse 1,Aisle 1,300,29.99,Supplier A,911,NULL,In Stock
1133,Widget A,Clothing,Warehouse 2,Aisle 4,100,9.99,Supplier D,912,2022-12-20,Low Stock
1057,Gadget X,Furniture,Warehouse 3,Aisle 4,200,49.99,Supplier B,913,2023-03-05,In Stock
1555,Gadget Z,Furniture,Warehouse 1,Aisle 3,300,9.99,Supplier A,914,NULL,In Stock
1684,Gadget Y,Furniture,Warehouse 2,Aisle 4,50,19.99,Supplier A,915,2023-04-25,Low Stock
1671,Widget B,Electronics,Warehouse 3,Aisle 3,200,29.99,Supplier B,916,2022-12-20,In Stock
1172,Widget C,Toys,Warehouse 1,Aisle 2,150,9.99,Supplier C,917,2023-04-25,In Stock
1828,Widget A,Clothing,Warehouse 1,Aisle 5,100,28.82,Supplier D,918,2023-04-25,Low Stock
1814,Widget C,Clothing,Warehouse 1,Aisle 2,164,9.99,Supplier A,919,2023-04-25,In Stock
1148,Widget C,Electronics,Warehouse 2,Aisle 3,100,29.99,Supplier C,920,2023-01-15,Low Stock
1079,Gadget X,Clothing,Warehouse 2,Aisle 3,150,49.99,Supplier B,921,2023-04-25,In Stock
1885,Gadget Y,Clothing,Warehouse 3,Aisle 2,300,49.99,Supplier D,922,2023-03-05,In Stock
1212,Widget A,Clothing,Warehouse 2,Aisle 1,150,29.99,Supplier D,923,2023-03-05,In Stock
1202,Widget C,Clothing,Warehouse 2,Aisle 1,300,19.99,Supplier A,924,NULL,In Stock
1763,Widget A,Toys,Warehouse 1,Aisle 1,150,19.99,Supplier D,925,2023-04-25,In Stock
1228,Widget B,Clothing,Warehouse 1,Aisle 3,100,49.99,Supplier D,926,2023-04-25,Low Stock
1675,Gadget X,Furniture,Warehouse 1,Aisle 4,150,49.99,Supplier D,927,2022-12-20,In Stock
1226,Widget B,Electronics,Warehouse 1,Aisle 3,300,29.99,Supplier D,928,2023-01-15,In Stock
1658,Widget A,Toys,Warehouse 1,Aisle 4,150,19.99,Supplier B,929,NULL,In Stock
1531,Widget A,Clothing,Warehouse 1,Aisle 2,200,49.99,Supplier C,930,2023-04-25,In Stock
1440,Gadget Y,Toys,Warehouse 1,Aisle 5,200,19.99,Supplier B,931,2022-12-20,In Stock
1401,Widget C,Clothing,Warehouse 3,Aisle 4,300,49.99,Supplier B,932,2023-01-15,In Stock
1046,Widget C,Furniture,Warehouse 3,Aisle 1,164,9.99,Supplier A,933,NULL,In Stock
1232,Widget B,Electronics,Warehouse 3,Aisle 3,300,28.65,Supplier D,934,NULL,In Stock
1304,Gadget X,Clothing,Warehouse 3,Aisle 2,100,9.99,Supplier B,935,2023-04-25,Low Stock
1525,Gadget Z,Clothing,Warehouse 1,Aisle 1,150,49.99,Supplier D,936,NULL,In Stock
1142,Widget C,Clothing,Warehouse 3,Aisle 2,100,24.99,Supplier B,937,2022-12-20,Low Stock
1414,Gadget Y,Clothing,Warehouse 1,Aisle 5,200,26.51,Supplier B,938,NULL,In Stock
1512,Widget B,Electronics,Warehouse 3,Aisle 3,150,49.99,Supplier A,939,2023-03-05,In Stock
1372,Widget B,Electronics,Warehouse 2,Aisle 3,300,49.99,Supplier C,940,2022-12-20,In Stock
1565,Gadget Z,Furniture,Warehouse 3,Aisle 5,100,19.99,Supplier C,941,2023-01-15,Low Stock
1885,Gadget Y,Electronics,Warehouse 3,Aisle 3,50,49.99,Supplier B,942,2023-01-15,Low Stock
1258,Gadget X,Clothing,Warehouse 1,Aisle 4,150,29.99,Supplier A,943,2023-04-25,In Stock
1655,Gadget Y,Furniture,Warehouse 3,Aisle 2,166,49.99,Supplier D,944,2023-04-25,In Stock
1470,Gadget X,Furniture,Warehouse 2,Aisle 1,50,29.99,Supplier D,945,2023-03-05,Low Stock
1952,Gadget Y,Furniture,Warehouse 1,Aisle 5,200,49.99,Supplier B,946,2023-01-15,In Stock
1970,Gadget Y,Clothing,Warehouse 1,Aisle 4,150,19.99,Supplier C,947,2023-01-15,In Stock
1011,Widget A,Toys,Warehouse 3,Aisle 1,157,29.99,Supplier A,948,2023-01-15,In Stock
1329,Widget B,Clothing,Warehouse 1,Aisle 1,50,9.99,Supplier C,949,2023-01-15,Low Stock
1735,Gadget Y,Electronics,Warehouse 1,Aisle 5,300,29.99,Supplier D,950,NULL,In Stock
1783,Gadget Z,Electronics,Warehouse 1,Aisle 4,50,19.99,Supplier C,951,2022-12-20,Low Stock
1967,Gadget Y,Clothing,Warehouse 1,Aisle 1,200,29.99,Supplier D,952,2022-12-20,In Stock
1357,Widget C,Clothing,Warehouse 1,Aisle 1,200,49.99,Supplier A,953,2023-03-05,In Stock
1971,Widget B,Furniture,Warehouse 1,Aisle 4,100,49.99,Supplier A,954,NULL,Low Stock
1407,Widget C,Clothing,Warehouse 2,Aisle 3,164,19.99,Supplier B,955,2023-01-15,In Stock
1667,Widget B,Furniture,Warehouse 3,Aisle 1,100,28.65,Supplier B,956,2023-01-15,Low Stock
1372,Widget C,Electronics,Warehouse 2,Aisle 2,50,49.99,Supplier C,957,2023-04-25,Low Stock
1007,Gadget Y,Furniture,Warehouse 1,Aisle 4,150,9.99,Supplier A,958,2023-04-25,In Stock
1121,Gadget Y,Clothing,Warehouse 1,Aisle 1,150,19.99,Supplier A,959,2023-03-05,In Stock
1347,Widget A,Electronics,Warehouse 3,Aisle 5,200,29.99,Supplier B,960,2023-01-15,In Stock
1675,Gadget Z,Toys,Warehouse 2,Aisle 2,150,29.99,Supplier D,961,2023-03-05,In Stock
1089,Widget C,Furniture,Warehouse 3,Aisle 1,150,9.99,Supplier C,962,NULL,In Stock
1647,Gadget X,Electronics,Warehouse 2,Aisle 2,150,49.99,Supplier C,963,2022-12-20,In Stock
1697,Widget A,Furniture,Warehouse 1,Aisle 2,50,19.99,Supplier B,964,2023-01-15,Low Stock
1315,Widget C,Electronics,Warehouse 3,Aisle 3,150,9.99,Supplier A,965,NULL,In Stock
1177,Widget C,Electronics,Warehouse 3,Aisle 2,300,49.99,Supplier B,966,2023-01-15,In Stock
1539,Widget A,Furniture,Warehouse 1,Aisle 3,150,19.99,Supplier B,967,2023-04-25,In Stock
1731,Gadget Y,Toys,Warehouse 3,Aisle 4,150,29.99,Supplier B,968,2023-03-05,In Stock
1868,Widget C,Electronics,Warehouse 2,Aisle 3,100,19.99,Supplier B,969,2023-04-25,Low Stock
1040,Gadget Y,Electronics,Warehouse 2,Aisle 5,50,26.51,Supplier D,970,2022-12-20,Low Stock
1739,Widget A,Electronics,Warehouse 2,Aisle 1,200,19.99,Supplier D,971,2023-04-25,In Stock
1703,Gadget Y,Toys,Warehouse 2,Aisle 4,100,26.51,Supplier A,972,2023-01-15,Low Stock
1922,Widget B,Toys,Warehouse 1,Aisle 4,161,19.99,Supplier B,973,2023-04-25,In Stock
1501,Gadget X,Clothing,Warehouse 3,Aisle 5,50,30.08,Supplier D,974,2023-01-15,Low Stock
1958,Widget C,Furniture,Warehouse 2,Aisle 3,300,29.99,Supplier A,975,2022-12-20,In Stock
1144,Gadget Z,Toys,Warehouse 1,Aisle 1,50,49.99,Supplier B,976,2023-04-25,Low Stock
1200,Gadget X,Furniture,Warehouse 3,Aisle 3,150,30.08,Supplier C,977,2023-03-05,In Stock
1928,Gadget Y,Clothing,Warehouse 3,Aisle 2,166,26.51,Supplier D,978,2023-03-05,In Stock
1723,Widget C,Furniture,Warehouse 1,Aisle 3,164,29.99,Supplier A,979,2023-03-05,In Stock
1460,Gadget Y,Toys,Warehouse 1,Aisle 4,200,26.51,Supplier C,980,2023-04-25,In Stock
1731,Widget B,Furniture,Warehouse 2,Aisle 1,150,9.99,Supplier B,981,2023-04-25,In Stock
1751,Widget A,Toys,Warehouse 3,Aisle 3,50,29.99,Supplier B,982,2023-04-25,Low Stock
1924,Widget C,Furniture,Warehouse 3,Aisle 1,150,9.99,Supplier B,983,2023-01-15,In Stock
1908,Widget B,Toys,Warehouse 1,Aisle 1,150,29.99,Supplier D,984,2022-12-20,In Stock
1557,Widget B,Toys,Warehouse 3,Aisle 2,300,28.65,Supplier A,985,2023-03-05,In Stock
1546,Widget C,Furniture,Warehouse 2,Aisle 2,164,9.99,Supplier C,986,2023-01-15,In Stock
1252,Gadget Y,Clothing,Warehouse 3,Aisle 4,200,26.51,Supplier A,987,2023-03-05,In Stock
1389,Gadget Z,Electronics,Warehouse 1,Aisle 5,300,29.99,Supplier D,988,2023-01-15,In Stock
1593,Widget B,Clothing,Warehouse 1,Aisle 1,100,28.65,Supplier A,989,2023-04-25,Low Stock
1882,Gadget X,Furniture,Warehouse 2,Aisle 5,200,9.99,Supplier D,990,2023-03-05,In Stock
1255,Widget B,Clothing,Warehouse 2,Aisle 4,150,9.99,Supplier B,991,2023-04-25,In Stock
1708,Gadget Z,Toys,Warehouse 3,Aisle 1,200,29.91,Supplier C,992,2023-03-05,In Stock
1814,Gadget Y,Electronics,Warehouse 3,Aisle 1,166,19.99,Supplier B,993,NULL,In Stock
1920,Gadget Y,Furniture,Warehouse 1,Aisle 5,100,29.99,Supplier A,994,2023-01-15,Low Stock
1449,Gadget X,Furniture,Warehouse 2,Aisle 3,150,29.99,Supplier B,995,NULL,In Stock
1009,Widget B,Furniture,Warehouse 2,Aisle 2,100,28.65,Supplier C,996,2023-01-15,Low Stock
1823,Gadget Y,Electronics,Warehouse 2,Aisle 3,300,19.99,Supplier B,997,2022-12-20,In Stock
1797,Gadget Z,Toys,Warehouse 3,Aisle 5,150,9.99,Supplier C,998,2023-03-05,In Stock
1241,Widget C,Furniture,Warehouse 2,Aisle 2,100,49.99,Supplier C,999,2022-12-20,Low Stock
1250,Widget A,Clothing,Warehouse 1,Aisle 3,100,49.99,Supplier B,1000,2022-12-20,Low Stock
